{
	"format_version": "1.20.80",
	"minecraft:item": {
		"description": {
			"identifier": "race:dwarfs_fury",
			"menu_category": {
				"category": "nature"
			}
		},
		"components": {
			"minecraft:icon": "race_dwarfs_fury",
			"minecraft:interact_button": true,
			"minecraft:max_stack_size": 1,
			"minecraft:use_modifiers": {
				"movement_modifier": 1,
				"use_duration": 0
			},
			"minecraft:use_animation": "none",
			"minecraft:cooldown": {
				"category": "DwarfFury",
				"duration": 120
			},
			"minecraft:custom_components": [
				"race:dwarffury"
			]
		}
	}
}