{
	"format_version": "1.20.80",
	"minecraft:item": {
		"description": {
			"identifier": "race:heavy_hammer",
			"menu_category": {
				"category": "nature"
			}
		},
		"components": {
			"minecraft:icon": "race_netherite_hammer",
			"minecraft:enchantable": {
				"slot": "sword",
				"value": 15
			},
			"minecraft:damage": {
				"value": 9
			},
			"minecraft:hand_equipped": true,
			"minecraft:interact_button": true,
			"minecraft:max_stack_size": 1,
			"minecraft:tags": {
				"tags": [
					"minecraft:is_sword",
					"minecraft:netherite_tier"
				]
			},
			"minecraft:repairable": {
				"repair_items": [
					{
						"items": [
							"netherite_ingot"
						],
						"repair_amount": 14
					},
					{
						"items": [
							"race:netherite_hammer"
						],
						"repair_amount": 100
					}
				]
			},
			"minecraft:digger": {
				"use_efficiency": true
			},
			"minecraft:use_animation": {
				"value": "none"
			},
			"minecraft:cooldown": {
				"category": "hammer",
				"duration": 60
			},
			"minecraft:use_modifiers": {
				"use_duration": 0,
				"movement_modifier": 1
			},
			"minecraft:custom_components": [
				"race:warhammer"
			]
		}
	}
}