{
	"format_version": "1.21.40",
	"minecraft:item": {
		"description": {
			"identifier": "race:redstone_component_helmet",
			"menu_category": {
				"category": "equipment",
				"group": "itemGroup.name.helmet"
			}
		},
		"components": {
			"minecraft:tags": {
				"tags": [
					"minecraft:is_armor",
					"minecraft:netherite_tier"
				]
			},
			"minecraft:max_stack_size": 1,
			"minecraft:enchantable": {
				"value": 9,
				"slot": "armor_head"
			},
			"minecraft:durability": {
				"max_durability": 2050,
				"damage_chance": {
					"min": 10,
					"max": 50
				}
			},
			"minecraft:icon": "race_redstone_component_helmet",
			"minecraft:wearable": {
				"slot": "slot.armor.head",
				"protection": 10
			},
			"minecraft:damage_absorption": {
				"absorbable_causes": [
					"contact",
					"entity_attack"
				]
			},
			"minecraft:repairable": {
				"repair_items": [
					{
						"items": [
							"race:redstone_component"
						],
						"repair_amount": "query.max_durability*0.5"
					},
					{
						"items": [
							"race:redstone_component_helmet"
						],
						"repair_amount": "context.other->query.remaining_durability+0.12*context.other->query.max_durability"
					}
				]
			}
		}
	}
}