{
	"format_version": "1.21.40",
	"minecraft:item": {
		"description": {
			"identifier": "race:redstone_component_leggings",
			"menu_category": {
				"category": "equipment",
				"group": "itemGroup.name.leggings"
			}
		},
		"components": {
			"minecraft:tags": {
				"tags": [
					"minecraft:netherite_tier",
					"minecraft:is_armor"
				]
			},
			"minecraft:max_stack_size": 1,
			"minecraft:enchantable": {
				"value": 9,
				"slot": "armor_legs"
			},
			"minecraft:durability": {
				"max_durability": 2536,
				"damage_chance": {
					"min": 10,
					"max": 90
				}
			},
			"minecraft:icon": "race_redstone_component_leggings",
			"minecraft:wearable": {
				"slot": "slot.armor.legs",
				"protection": 14
			},
			"minecraft:repairable": {
				"repair_items": [
					{
						"items": [
							"race:redstone_component"
						],
						"repair_amount": "query.max_durability*0.5"
					},
					{
						"items": [
							"race:redstone_component_leggings"
						],
						"repair_amount": "context.other->query.remaining_durability+0.12*context.other->query.max_durability"
					}
				]
			}
		}
	}
}