{
	"format_version": "1.21.40",
	"minecraft:item": {
		"description": {
			"identifier": "race:redstone_component_boots",
			"menu_category": {
				"category": "equipment",
				"group": "itemGroup.name.boots"
			}
		},
		"components": {
			"minecraft:tags": {
				"tags": [
					"minecraft:is_armor",
					"minecraft:netherite_tier",
					"minecraft:trimmable_armors"
				]
			},
			"minecraft:max_stack_size": 1,
			"minecraft:enchantable": {
				"value": 9,
				"slot": "armor_feet"
			},
			"minecraft:durability": {
				"max_durability": 2125,
				"damage_chance": {
					"min": 60,
					"max": 100
				}
			},
			"minecraft:icon": "race_redstone_component_boots",
			"minecraft:wearable": {
				"slot": "slot.armor.feet",
				"protection": 9
			},
			"minecraft:damage_absorption": {
				"absorbable_causes": [
					"entity_attack",
					"ram_attack"
				]
			},
			"minecraft:rarity": "epic",
			"minecraft:repairable": {
				"repair_items": [
					{
						"items": [
							"race:fan"
						],
						"repair_amount": "query.max_durability*0.25"
					},
					{
						"items": [
							"race:redstone_component_boots"
						],
						"repair_amount": "context.other->query.remaining_durability+0.12*context.other->query.max_durability"
					},
					{
						"items": [
							"race:redstone_component"
						],
						"repair_amount": "query.max_durability*0.5"
					}
				]
			}
		}
	}
}