{
	"format_version": "1.21.40",
	"minecraft:item": {
		"description": {
			"identifier": "race:spiritpiercer_copy",
			"menu_category": {
				"category": "equipment",
				"group": "itemGroup.name.sword"
			}
		},
		"components": {
			"minecraft:max_stack_size": 1,
			"minecraft:icon": {
				"textures": {
					"default": "race_spiritpiercer"
				}
			},
			"minecraft:damage": 7,
			"minecraft:can_destroy_in_creative": false,
			"minecraft:enchantable": {
				"slot": "sword",
				"value": 22
			},
			"minecraft:durability": {
				"max_durability": 2100
			},
			"minecraft:repairable": {
				"repair_items": [
					{
						"items": [
							"disc_fragment_5"
						],
						"repair_amount": 1260
					}
				]
			},
			"minecraft:use_modifiers": {
				"movement_modifier": 0,
				"use_duration": 5
			},
			"minecraft:cooldown": {
				"category": "spirit",
				"duration": 0
			}
		}
	}
}