{
	"format_version": "1.10.0",
	"animation_controllers": {
		"controller.animation.spirit.look_at_target": {
			"initial_state": "default",
			"states": {
				"default": {
					"transitions": [
						{
							"looking_at_target": "!query.is_dancing"
						}
					]
				},
				"looking_at_target": {
					"animations": [
						"look_at_target_default"
					],
					"transitions": [
						{
							"default": "query.is_dancing"
						}
					]
				}
			}
		},
		"controller.animation.spirit.general": {
			"initial_state": "idling",
			"states": {
				"idling": {
					"animations": [
						"idle"
					],
					"transitions": [
						{
							"flying": "query.modified_move_speed>0.2"
						}
					],
					"blend_transition": 0.2
				},
				"flying": {
					"animations": [
						"fly"
					],
					"transitions": [
						{
							"idling": "query.modified_move_speed<0.2"
						}
					],
					"blend_transition": 0.2
				}
			}
		}
	}
}