{
	"format_version": "1.10.0",
	"geometry.alchemist": {
		"texturewidth": 128,
		"textureheight": 128,
		"visible_bounds_width": 2,
		"visible_bounds_height": 3,
		"visible_bounds_offset": [
			0,
			1.5,
			0
		],
		"bones": [
			{
				"name": "head",
				"pivot": [
					0,
					24,
					0
				],
				"cubes": [
					{
						"origin": [
							-4,
							24,
							-4
						],
						"size": [
							8,
							8,
							8
						],
						"uv": [
							0,
							0
						]
					},
					{
						"origin": [
							-4,
							24,
							-4
						],
						"size": [
							8,
							8,
							8
						],
						"uv": [
							0,
							17
						],
						"inflate": 0.22
					}
				]
			},
			{
				"name": "body",
				"pivot": [
					0,
					0,
					0
				],
				"cubes": [
					{
						"origin": [
							-4,
							12,
							-2
						],
						"size": [
							8,
							12,
							4
						],
						"uv": [
							33,
							0
						]
					},
					{
						"origin": [
							-4,
							12,
							-2
						],
						"size": [
							8,
							12,
							4
						],
						"uv": [
							33,
							17
						],
						"inflate": 0.22
					}
				]
			},
			{
				"name": "arms",
				"pivot": [
					0,
					22,
					0
				],
				"cubes": [
					{
						"origin": [
							-7,
							12,
							-2
						],
						"size": [
							3,
							12,
							4
						],
						"uv": [
							17,
							51
						]
					},
					{
						"origin": [
							-7,
							12,
							-2
						],
						"size": [
							3,
							12,
							4
						],
						"uv": [
							47,
							51
						],
						"inflate": 0.22
					},
					{
						"origin": [
							4,
							12,
							-2
						],
						"size": [
							3,
							12,
							4
						],
						"uv": [
							32,
							51
						]
					},
					{
						"origin": [
							4,
							12,
							-2
						],
						"size": [
							3,
							12,
							4
						],
						"uv": [
							51,
							34
						],
						"inflate": 0.22
					}
				]
			},
			{
				"name": "leg0",
				"pivot": [
					-2,
					12,
					0
				],
				"cubes": [
					{
						"origin": [
							-4,
							0,
							-2
						],
						"size": [
							4,
							12,
							4
						],
						"uv": [
							0,
							34
						]
					},
					{
						"origin": [
							-4,
							0,
							-2
						],
						"size": [
							4,
							12,
							4
						],
						"uv": [
							34,
							34
						],
						"inflate": 0.22
					}
				]
			},
			{
				"name": "leg1",
				"pivot": [
					2,
					12,
					0
				],
				"cubes": [
					{
						"origin": [
							0,
							0,
							-2
						],
						"size": [
							4,
							12,
							4
						],
						"uv": [
							17,
							34
						]
					},
					{
						"origin": [
							0,
							0,
							-2
						],
						"size": [
							4,
							12,
							4
						],
						"uv": [
							0,
							51
						],
						"inflate": 0.22
					}
				]
			}
		]
	}
}