{
	"format_version": "1.12.0",
	"minecraft:geometry": [
		{
			"description": {
				"identifier": "geometry.avian_boots",
				"texture_width": 32,
				"texture_height": 32,
				"visible_bounds_width": 2,
				"visible_bounds_height": 2.5,
				"visible_bounds_offset": [
					0,
					0.75,
					0
				]
			},
			"bones": [
				{
					"name": "RightLeg",
					"pivot": [
						-1.9,
						12,
						0
					],
					"rotation": [
						11,
						0,
						2
					],
					"cubes": [
						{
							"origin": [
								-3.9,
								0,
								-2
							],
							"size": [
								4,
								12,
								4
							],
							"uv": {
								"north": {
									"uv": [
										0,
										0
									],
									"uv_size": [
										4,
										12
									]
								},
								"east": {
									"uv": [
										4,
										0
									],
									"uv_size": [
										4,
										12
									]
								},
								"south": {
									"uv": [
										8,
										0
									],
									"uv_size": [
										4,
										12
									]
								},
								"west": {
									"uv": [
										0,
										12
									],
									"uv_size": [
										4,
										12
									]
								},
								"up": {
									"uv": [
										20,
										0
									],
									"uv_size": [
										4,
										4
									]
								},
								"down": {
									"uv": [
										20,
										8
									],
									"uv_size": [
										4,
										-4
									]
								}
							}
						},
						{
							"origin": [
								-4.1,
								0,
								-2.5
							],
							"size": [
								4.4,
								2,
								4.7
							],
							"uv": {
								"north": {
									"uv": [
										16,
										22
									],
									"uv_size": [
										4,
										2
									]
								},
								"east": {
									"uv": [
										16,
										20
									],
									"uv_size": [
										5,
										2
									]
								},
								"south": {
									"uv": [
										20,
										22
									],
									"uv_size": [
										4,
										2
									]
								},
								"west": {
									"uv": [
										20,
										16
									],
									"uv_size": [
										5,
										2
									]
								},
								"up": {
									"uv": [
										16,
										0
									],
									"uv_size": [
										4,
										5
									]
								},
								"down": {
									"uv": [
										16,
										10
									],
									"uv_size": [
										4,
										-5
									]
								}
							}
						},
						{
							"origin": [
								-3.6,
								0,
								-4.2
							],
							"size": [
								3.4,
								1.6,
								1.7
							],
							"uv": {
								"north": {
									"uv": [
										24,
										2
									],
									"uv_size": [
										3,
										2
									]
								},
								"east": {
									"uv": [
										24,
										12
									],
									"uv_size": [
										2,
										2
									]
								},
								"south": {
									"uv": [
										4,
										24
									],
									"uv_size": [
										3,
										2
									]
								},
								"west": {
									"uv": [
										13,
										24
									],
									"uv_size": [
										2,
										2
									]
								},
								"up": {
									"uv": [
										24,
										4
									],
									"uv_size": [
										3,
										2
									]
								},
								"down": {
									"uv": [
										24,
										8
									],
									"uv_size": [
										3,
										-2
									]
								}
							}
						},
						{
							"origin": [
								-3.4,
								0,
								-4.5
							],
							"size": [
								3,
								1.2,
								0.3
							],
							"uv": {
								"north": {
									"uv": [
										17,
										24
									],
									"uv_size": [
										3,
										1
									]
								},
								"east": {
									"uv": [
										25,
										18
									],
									"uv_size": [
										1,
										1
									]
								},
								"south": {
									"uv": [
										20,
										24
									],
									"uv_size": [
										3,
										1
									]
								},
								"west": {
									"uv": [
										25,
										19
									],
									"uv_size": [
										1,
										1
									]
								},
								"up": {
									"uv": [
										24,
										22
									],
									"uv_size": [
										3,
										1
									]
								},
								"down": {
									"uv": [
										23,
										25
									],
									"uv_size": [
										3,
										-1
									]
								}
							}
						}
					]
				},
				{
					"name": "LeftLeg",
					"pivot": [
						1.9,
						12,
						0
					],
					"rotation": [
						11,
						0,
						-2
					],
					"cubes": [
						{
							"origin": [
								-0.3,
								0,
								-2.5
							],
							"size": [
								4.4,
								2,
								4.7
							],
							"uv": {
								"north": {
									"uv": [
										0,
										24
									],
									"uv_size": [
										4,
										2
									]
								},
								"east": {
									"uv": [
										20,
										18
									],
									"uv_size": [
										5,
										2
									]
								},
								"south": {
									"uv": [
										24,
										0
									],
									"uv_size": [
										4,
										2
									]
								},
								"west": {
									"uv": [
										21,
										20
									],
									"uv_size": [
										5,
										2
									]
								},
								"up": {
									"uv": [
										16,
										10
									],
									"uv_size": [
										4,
										5
									]
								},
								"down": {
									"uv": [
										16,
										20
									],
									"uv_size": [
										4,
										-5
									]
								}
							}
						},
						{
							"origin": [
								0.2,
								0,
								-4.2
							],
							"size": [
								3.4,
								1.6,
								1.7
							],
							"uv": {
								"north": {
									"uv": [
										7,
										24
									],
									"uv_size": [
										3,
										2
									]
								},
								"east": {
									"uv": [
										24,
										14
									],
									"uv_size": [
										2,
										2
									]
								},
								"south": {
									"uv": [
										24,
										8
									],
									"uv_size": [
										3,
										2
									]
								},
								"west": {
									"uv": [
										15,
										24
									],
									"uv_size": [
										2,
										2
									]
								},
								"up": {
									"uv": [
										10,
										24
									],
									"uv_size": [
										3,
										2
									]
								},
								"down": {
									"uv": [
										24,
										12
									],
									"uv_size": [
										3,
										-2
									]
								}
							}
						},
						{
							"origin": [
								0.4,
								0,
								-4.5
							],
							"size": [
								3,
								1.2,
								0.3
							],
							"uv": {
								"north": {
									"uv": [
										24,
										23
									],
									"uv_size": [
										3,
										1
									]
								},
								"east": {
									"uv": [
										20,
										25
									],
									"uv_size": [
										1,
										1
									]
								},
								"south": {
									"uv": [
										25,
										16
									],
									"uv_size": [
										3,
										1
									]
								},
								"west": {
									"uv": [
										21,
										25
									],
									"uv_size": [
										1,
										1
									]
								},
								"up": {
									"uv": [
										17,
										25
									],
									"uv_size": [
										3,
										1
									]
								},
								"down": {
									"uv": [
										25,
										18
									],
									"uv_size": [
										3,
										-1
									]
								}
							}
						},
						{
							"origin": [
								-0.1,
								0,
								-2
							],
							"size": [
								4,
								12,
								4
							],
							"uv": {
								"north": {
									"uv": [
										12,
										0
									],
									"uv_size": [
										4,
										12
									]
								},
								"east": {
									"uv": [
										4,
										12
									],
									"uv_size": [
										4,
										12
									]
								},
								"south": {
									"uv": [
										8,
										12
									],
									"uv_size": [
										4,
										12
									]
								},
								"west": {
									"uv": [
										12,
										12
									],
									"uv_size": [
										4,
										12
									]
								},
								"up": {
									"uv": [
										20,
										8
									],
									"uv_size": [
										4,
										4
									]
								},
								"down": {
									"uv": [
										20,
										16
									],
									"uv_size": [
										4,
										-4
									]
								}
							}
						}
					]
				}
			]
		}
	]
}