{
	"format_version": "1.12.0",
	"minecraft:geometry": [
		{
			"description": {
				"identifier": "geometry.avian_bottom",
				"texture_width": 64,
				"texture_height": 64,
				"visible_bounds_width": 2,
				"visible_bounds_height": 3.5,
				"visible_bounds_offset": [
					0,
					1.25,
					0
				]
			},
			"bones": [
				{
					"name": "Body",
					"pivot": [
						0,
						24,
						0
					],
					"cubes": [
						{
							"origin": [
								-4,
								12,
								-2
							],
							"size": [
								8,
								12,
								4
							],
							"uv": {
								"north": {
									"uv": [
										0,
										0
									],
									"uv_size": [
										8,
										12
									]
								},
								"east": {
									"uv": [
										0,
										13
									],
									"uv_size": [
										4,
										12
									]
								},
								"south": {
									"uv": [
										9,
										0
									],
									"uv_size": [
										8,
										12
									]
								},
								"west": {
									"uv": [
										5,
										13
									],
									"uv_size": [
										4,
										12
									]
								},
								"up": {
									"uv": [
										35,
										13
									],
									"uv_size": [
										8,
										4
									]
								},
								"down": {
									"uv": [
										35,
										22
									],
									"uv_size": [
										8,
										-4
									]
								}
							}
						}
					]
				},
				{
					"name": "RightArm",
					"pivot": [
						-5,
						22,
						0
					],
					"rotation": [
						-10,
						0,
						0
					],
					"cubes": [
						{
							"origin": [
								-8,
								12,
								-2
							],
							"size": [
								4,
								12,
								4
							],
							"uv": {
								"north": {
									"uv": [
										10,
										13
									],
									"uv_size": [
										4,
										12
									]
								},
								"east": {
									"uv": [
										15,
										13
									],
									"uv_size": [
										4,
										12
									]
								},
								"south": {
									"uv": [
										18,
										0
									],
									"uv_size": [
										4,
										12
									]
								},
								"west": {
									"uv": [
										20,
										13
									],
									"uv_size": [
										4,
										12
									]
								},
								"up": {
									"uv": [
										35,
										23
									],
									"uv_size": [
										4,
										4
									]
								},
								"down": {
									"uv": [
										35,
										32
									],
									"uv_size": [
										4,
										-4
									]
								}
							}
						},
						{
							"origin": [
								-7,
								24,
								-1
							],
							"size": [
								1,
								0.3,
								2
							],
							"uv": {
								"north": {
									"uv": [
										43,
										2
									],
									"uv_size": [
										1,
										1
									]
								},
								"east": {
									"uv": [
										19,
										39
									],
									"uv_size": [
										2,
										1
									]
								},
								"south": {
									"uv": [
										43,
										4
									],
									"uv_size": [
										1,
										1
									]
								},
								"west": {
									"uv": [
										22,
										39
									],
									"uv_size": [
										2,
										1
									]
								},
								"up": {
									"uv": [
										25,
										39
									],
									"uv_size": [
										1,
										2
									]
								},
								"down": {
									"uv": [
										27,
										41
									],
									"uv_size": [
										1,
										-2
									]
								}
							}
						},
						{
							"origin": [
								-6,
								24,
								-1
							],
							"size": [
								1,
								0.7,
								2
							],
							"uv": {
								"north": {
									"uv": [
										43,
										6
									],
									"uv_size": [
										1,
										1
									]
								},
								"east": {
									"uv": [
										29,
										39
									],
									"uv_size": [
										2,
										1
									]
								},
								"south": {
									"uv": [
										43,
										8
									],
									"uv_size": [
										1,
										1
									]
								},
								"west": {
									"uv": [
										32,
										39
									],
									"uv_size": [
										2,
										1
									]
								},
								"up": {
									"uv": [
										40,
										23
									],
									"uv_size": [
										1,
										2
									]
								},
								"down": {
									"uv": [
										40,
										28
									],
									"uv_size": [
										1,
										-2
									]
								}
							}
						},
						{
							"origin": [
								-5.4,
								24.7,
								-1
							],
							"size": [
								0.5,
								1.2,
								2
							],
							"uv": {
								"north": {
									"uv": [
										29,
										43
									],
									"uv_size": [
										1,
										1
									]
								},
								"east": {
									"uv": [
										40,
										29
									],
									"uv_size": [
										2,
										1
									]
								},
								"south": {
									"uv": [
										43,
										29
									],
									"uv_size": [
										1,
										1
									]
								},
								"west": {
									"uv": [
										40,
										31
									],
									"uv_size": [
										2,
										1
									]
								},
								"up": {
									"uv": [
										40,
										33
									],
									"uv_size": [
										1,
										2
									]
								},
								"down": {
									"uv": [
										40,
										38
									],
									"uv_size": [
										1,
										-2
									]
								}
							}
						},
						{
							"origin": [
								-5.2,
								25.9,
								-0.5
							],
							"size": [
								0.5,
								1.2,
								1
							],
							"uv": {
								"north": {
									"uv": [
										31,
										43
									],
									"uv_size": [
										1,
										1
									]
								},
								"east": {
									"uv": [
										43,
										31
									],
									"uv_size": [
										1,
										1
									]
								},
								"south": {
									"uv": [
										33,
										43
									],
									"uv_size": [
										1,
										1
									]
								},
								"west": {
									"uv": [
										35,
										43
									],
									"uv_size": [
										1,
										1
									]
								},
								"up": {
									"uv": [
										37,
										43
									],
									"uv_size": [
										1,
										1
									]
								},
								"down": {
									"uv": [
										43,
										40
									],
									"uv_size": [
										1,
										-1
									]
								}
							}
						}
					]
				},
				{
					"name": "LeftArm",
					"pivot": [
						5,
						22,
						0
					],
					"rotation": [
						-10,
						0,
						0
					],
					"cubes": [
						{
							"origin": [
								4,
								12,
								-2
							],
							"size": [
								4,
								12,
								4
							],
							"uv": {
								"north": {
									"uv": [
										23,
										0
									],
									"uv_size": [
										4,
										12
									]
								},
								"east": {
									"uv": [
										25,
										13
									],
									"uv_size": [
										4,
										12
									]
								},
								"south": {
									"uv": [
										0,
										26
									],
									"uv_size": [
										4,
										12
									]
								},
								"west": {
									"uv": [
										5,
										26
									],
									"uv_size": [
										4,
										12
									]
								},
								"up": {
									"uv": [
										35,
										33
									],
									"uv_size": [
										4,
										4
									]
								},
								"down": {
									"uv": [
										38,
										4
									],
									"uv_size": [
										4,
										-4
									]
								}
							}
						},
						{
							"origin": [
								5,
								24,
								-1
							],
							"size": [
								1,
								0.3,
								2
							],
							"pivot": [
								6.175,
								25.325,
								0
							],
							"rotation": [
								0,
								180,
								0
							],
							"uv": {
								"north": {
									"uv": [
										44,
										14
									],
									"uv_size": [
										1,
										1
									]
								},
								"east": {
									"uv": [
										10,
										42
									],
									"uv_size": [
										2,
										1
									]
								},
								"south": {
									"uv": [
										44,
										16
									],
									"uv_size": [
										1,
										1
									]
								},
								"west": {
									"uv": [
										13,
										42
									],
									"uv_size": [
										2,
										1
									]
								},
								"up": {
									"uv": [
										16,
										42
									],
									"uv_size": [
										1,
										2
									]
								},
								"down": {
									"uv": [
										42,
										25
									],
									"uv_size": [
										1,
										-2
									]
								}
							}
						},
						{
							"origin": [
								6,
								24,
								-1
							],
							"size": [
								1,
								0.7,
								2
							],
							"pivot": [
								6.175,
								25.325,
								0
							],
							"rotation": [
								0,
								180,
								0
							],
							"uv": {
								"north": {
									"uv": [
										44,
										12
									],
									"uv_size": [
										1,
										1
									]
								},
								"east": {
									"uv": [
										29,
										41
									],
									"uv_size": [
										2,
										1
									]
								},
								"south": {
									"uv": [
										14,
										44
									],
									"uv_size": [
										1,
										1
									]
								},
								"west": {
									"uv": [
										32,
										41
									],
									"uv_size": [
										2,
										1
									]
								},
								"up": {
									"uv": [
										23,
										41
									],
									"uv_size": [
										1,
										2
									]
								},
								"down": {
									"uv": [
										40,
										43
									],
									"uv_size": [
										1,
										-2
									]
								}
							}
						},
						{
							"origin": [
								6.6,
								24.7,
								-1
							],
							"size": [
								0.5,
								1.2,
								2
							],
							"pivot": [
								6.175,
								25.325,
								0
							],
							"rotation": [
								0,
								180,
								0
							],
							"uv": {
								"north": {
									"uv": [
										44,
										10
									],
									"uv_size": [
										1,
										1
									]
								},
								"east": {
									"uv": [
										40,
										39
									],
									"uv_size": [
										2,
										1
									]
								},
								"south": {
									"uv": [
										12,
										44
									],
									"uv_size": [
										1,
										1
									]
								},
								"west": {
									"uv": [
										41,
										10
									],
									"uv_size": [
										2,
										1
									]
								},
								"up": {
									"uv": [
										19,
										41
									],
									"uv_size": [
										1,
										2
									]
								},
								"down": {
									"uv": [
										21,
										43
									],
									"uv_size": [
										1,
										-2
									]
								}
							}
						},
						{
							"origin": [
								6.4,
								25.9,
								-0.5
							],
							"size": [
								0.5,
								1.2,
								1
							],
							"pivot": [
								5.975,
								25.325,
								0
							],
							"rotation": [
								0,
								180,
								0
							],
							"uv": {
								"north": {
									"uv": [
										0,
										44
									],
									"uv_size": [
										1,
										1
									]
								},
								"east": {
									"uv": [
										2,
										44
									],
									"uv_size": [
										1,
										1
									]
								},
								"south": {
									"uv": [
										4,
										44
									],
									"uv_size": [
										1,
										1
									]
								},
								"west": {
									"uv": [
										6,
										44
									],
									"uv_size": [
										1,
										1
									]
								},
								"up": {
									"uv": [
										8,
										44
									],
									"uv_size": [
										1,
										1
									]
								},
								"down": {
									"uv": [
										10,
										45
									],
									"uv_size": [
										1,
										-1
									]
								}
							}
						}
					]
				},
				{
					"name": "RightLeg",
					"pivot": [
						-1.9,
						12,
						0
					],
					"rotation": [
						11,
						0,
						2
					],
					"cubes": [
						{
							"origin": [
								-3.9,
								0,
								-2
							],
							"size": [
								4,
								12,
								4
							],
							"uv": {
								"north": {
									"uv": [
										10,
										26
									],
									"uv_size": [
										4,
										12
									]
								},
								"east": {
									"uv": [
										15,
										26
									],
									"uv_size": [
										4,
										12
									]
								},
								"south": {
									"uv": [
										20,
										26
									],
									"uv_size": [
										4,
										12
									]
								},
								"west": {
									"uv": [
										25,
										26
									],
									"uv_size": [
										4,
										12
									]
								},
								"up": {
									"uv": [
										38,
										5
									],
									"uv_size": [
										4,
										4
									]
								},
								"down": {
									"uv": [
										35,
										42
									],
									"uv_size": [
										4,
										-4
									]
								}
							}
						},
						{
							"origin": [
								-2.9,
								5,
								-2.2
							],
							"size": [
								2,
								2,
								0.2
							],
							"uv": {
								"north": {
									"uv": [
										13,
										39
									],
									"uv_size": [
										2,
										2
									]
								},
								"east": {
									"uv": [
										27,
										42
									],
									"uv_size": [
										1,
										2
									]
								},
								"south": {
									"uv": [
										16,
										39
									],
									"uv_size": [
										2,
										2
									]
								},
								"west": {
									"uv": [
										42,
										41
									],
									"uv_size": [
										1,
										2
									]
								},
								"up": {
									"uv": [
										42,
										37
									],
									"uv_size": [
										2,
										1
									]
								},
								"down": {
									"uv": [
										43,
										1
									],
									"uv_size": [
										2,
										-1
									]
								}
							}
						}
					]
				},
				{
					"name": "LeftLeg",
					"pivot": [
						1.9,
						12,
						0
					],
					"rotation": [
						11,
						0,
						-2
					],
					"cubes": [
						{
							"origin": [
								-0.1,
								0,
								-2
							],
							"size": [
								4,
								12,
								4
							],
							"uv": {
								"north": {
									"uv": [
										28,
										0
									],
									"uv_size": [
										4,
										12
									]
								},
								"east": {
									"uv": [
										30,
										13
									],
									"uv_size": [
										4,
										12
									]
								},
								"south": {
									"uv": [
										30,
										26
									],
									"uv_size": [
										4,
										12
									]
								},
								"west": {
									"uv": [
										33,
										0
									],
									"uv_size": [
										4,
										12
									]
								},
								"up": {
									"uv": [
										0,
										39
									],
									"uv_size": [
										4,
										4
									]
								},
								"down": {
									"uv": [
										5,
										43
									],
									"uv_size": [
										4,
										-4
									]
								}
							}
						},
						{
							"origin": [
								0.9,
								5,
								-2.2
							],
							"size": [
								2,
								2,
								0.2
							],
							"uv": {
								"north": {
									"uv": [
										38,
										10
									],
									"uv_size": [
										2,
										2
									]
								},
								"east": {
									"uv": [
										25,
										42
									],
									"uv_size": [
										1,
										2
									]
								},
								"south": {
									"uv": [
										10,
										39
									],
									"uv_size": [
										2,
										2
									]
								},
								"west": {
									"uv": [
										42,
										26
									],
									"uv_size": [
										1,
										2
									]
								},
								"up": {
									"uv": [
										42,
										33
									],
									"uv_size": [
										2,
										1
									]
								},
								"down": {
									"uv": [
										42,
										36
									],
									"uv_size": [
										2,
										-1
									]
								}
							}
						}
					]
				}
			]
		}
	]
}