{
	"format_version": "1.12.0",
	"minecraft:geometry": [
		{
			"description": {
				"identifier": "geometry.avian_helmet",
				"texture_width": 64,
				"texture_height": 64,
				"visible_bounds_width": 2,
				"visible_bounds_height": 3.5,
				"visible_bounds_offset": [
					0,
					1.25,
					0
				]
			},
			"bones": [
				{
					"name": "Head",
					"pivot": [
						0,
						24,
						0
					],
					"rotation": [
						-6,
						5,
						0
					],
					"cubes": [
						{
							"origin": [
								-4,
								24,
								-4
							],
							"size": [
								8,
								8,
								8
							],
							"uv": {
								"north": {
									"uv": [
										0,
										0
									],
									"uv_size": [
										8,
										8
									]
								},
								"east": {
									"uv": [
										0,
										9
									],
									"uv_size": [
										8,
										8
									]
								},
								"south": {
									"uv": [
										9,
										0
									],
									"uv_size": [
										8,
										8
									]
								},
								"west": {
									"uv": [
										9,
										9
									],
									"uv_size": [
										8,
										8
									]
								},
								"up": {
									"uv": [
										0,
										18
									],
									"uv_size": [
										8,
										8
									]
								},
								"down": {
									"uv": [
										18,
										8
									],
									"uv_size": [
										8,
										-8
									]
								}
							}
						},
						{
							"origin": [
								-4,
								20,
								-4
							],
							"size": [
								8,
								4,
								3
							],
							"uv": {
								"north": {
									"uv": [
										0,
										27
									],
									"uv_size": [
										8,
										4
									]
								},
								"east": {
									"uv": [
										9,
										31
									],
									"uv_size": [
										3,
										4
									]
								},
								"south": {
									"uv": [
										27,
										0
									],
									"uv_size": [
										8,
										4
									]
								},
								"west": {
									"uv": [
										27,
										31
									],
									"uv_size": [
										3,
										4
									]
								},
								"up": {
									"uv": [
										27,
										5
									],
									"uv_size": [
										8,
										3
									]
								},
								"down": {
									"uv": [
										27,
										24
									],
									"uv_size": [
										8,
										-3
									]
								}
							}
						},
						{
							"origin": [
								4.6,
								26,
								0.2
							],
							"size": [
								0.6,
								5,
								0.6
							],
							"uv": {
								"north": {
									"uv": [
										17,
										35
									],
									"uv_size": [
										1,
										5
									]
								},
								"east": {
									"uv": [
										19,
										35
									],
									"uv_size": [
										1,
										5
									]
								},
								"south": {
									"uv": [
										21,
										35
									],
									"uv_size": [
										1,
										5
									]
								},
								"west": {
									"uv": [
										23,
										35
									],
									"uv_size": [
										1,
										5
									]
								},
								"up": {
									"uv": [
										34,
										17
									],
									"uv_size": [
										1,
										1
									]
								},
								"down": {
									"uv": [
										34,
										20
									],
									"uv_size": [
										1,
										-1
									]
								}
							}
						},
						{
							"origin": [
								2,
								25,
								0.5
							],
							"size": [
								5,
								12,
								0
							],
							"uv": {
								"north": {
									"uv": [
										9,
										18
									],
									"uv_size": [
										5,
										12
									]
								},
								"east": {
									"uv": [
										12,
										36
									],
									"uv_size": [
										0,
										12
									]
								},
								"south": {
									"uv": [
										18,
										9
									],
									"uv_size": [
										5,
										12
									]
								},
								"west": {
									"uv": [
										27,
										36
									],
									"uv_size": [
										0,
										12
									]
								},
								"up": {
									"uv": [
										36,
										14
									],
									"uv_size": [
										5,
										0
									]
								},
								"down": {
									"uv": [
										36,
										15
									],
									"uv_size": [
										5,
										0
									]
								}
							}
						},
						{
							"origin": [
								-0.3,
								32,
								-3
							],
							"size": [
								0.6,
								1.6,
								7
							],
							"uv": {
								"north": {
									"uv": [
										15,
										18
									],
									"uv_size": [
										1,
										2
									]
								},
								"east": {
									"uv": [
										27,
										25
									],
									"uv_size": [
										7,
										2
									]
								},
								"south": {
									"uv": [
										32,
										17
									],
									"uv_size": [
										1,
										2
									]
								},
								"west": {
									"uv": [
										27,
										28
									],
									"uv_size": [
										7,
										2
									]
								},
								"up": {
									"uv": [
										13,
										31
									],
									"uv_size": [
										1,
										7
									]
								},
								"down": {
									"uv": [
										31,
										38
									],
									"uv_size": [
										1,
										-7
									]
								}
							}
						},
						{
							"origin": [
								0,
								33.6,
								-3
							],
							"size": [
								0,
								5,
								7
							],
							"uv": {
								"north": {
									"uv": [
										36,
										18
									],
									"uv_size": [
										0,
										5
									]
								},
								"east": {
									"uv": [
										24,
										9
									],
									"uv_size": [
										7,
										5
									]
								},
								"south": {
									"uv": [
										30,
										36
									],
									"uv_size": [
										0,
										5
									]
								},
								"west": {
									"uv": [
										24,
										15
									],
									"uv_size": [
										7,
										5
									]
								},
								"up": {
									"uv": [
										37,
										18
									],
									"uv_size": [
										0,
										7
									]
								},
								"down": {
									"uv": [
										37,
										33
									],
									"uv_size": [
										0,
										-7
									]
								}
							}
						},
						{
							"origin": [
								-5.2,
								26,
								0.2
							],
							"size": [
								0.6,
								5,
								0.6
							],
							"uv": {
								"north": {
									"uv": [
										25,
										35
									],
									"uv_size": [
										1,
										5
									]
								},
								"east": {
									"uv": [
										35,
										25
									],
									"uv_size": [
										1,
										5
									]
								},
								"south": {
									"uv": [
										35,
										31
									],
									"uv_size": [
										1,
										5
									]
								},
								"west": {
									"uv": [
										36,
										0
									],
									"uv_size": [
										1,
										5
									]
								},
								"up": {
									"uv": [
										36,
										6
									],
									"uv_size": [
										1,
										1
									]
								},
								"down": {
									"uv": [
										8,
										37
									],
									"uv_size": [
										1,
										-1
									]
								}
							}
						},
						{
							"origin": [
								-4.6,
								25,
								0.2
							],
							"size": [
								0.6,
								7,
								0.6
							],
							"uv": {
								"north": {
									"uv": [
										0,
										32
									],
									"uv_size": [
										1,
										7
									]
								},
								"east": {
									"uv": [
										2,
										32
									],
									"uv_size": [
										1,
										7
									]
								},
								"south": {
									"uv": [
										4,
										32
									],
									"uv_size": [
										1,
										7
									]
								},
								"west": {
									"uv": [
										6,
										32
									],
									"uv_size": [
										1,
										7
									]
								},
								"up": {
									"uv": [
										36,
										8
									],
									"uv_size": [
										1,
										1
									]
								},
								"down": {
									"uv": [
										10,
										37
									],
									"uv_size": [
										1,
										-1
									]
								}
							}
						},
						{
							"origin": [
								-7,
								25,
								0.5
							],
							"size": [
								5,
								12,
								0
							],
							"uv": {
								"north": {
									"uv": [
										15,
										22
									],
									"uv_size": [
										5,
										12
									]
								},
								"east": {
									"uv": [
										28,
										36
									],
									"uv_size": [
										0,
										12
									]
								},
								"south": {
									"uv": [
										21,
										22
									],
									"uv_size": [
										5,
										12
									]
								},
								"west": {
									"uv": [
										29,
										36
									],
									"uv_size": [
										0,
										12
									]
								},
								"up": {
									"uv": [
										36,
										16
									],
									"uv_size": [
										5,
										0
									]
								},
								"down": {
									"uv": [
										36,
										17
									],
									"uv_size": [
										5,
										0
									]
								}
							}
						},
						{
							"origin": [
								4,
								25,
								0.2
							],
							"size": [
								0.6,
								7,
								0.6
							],
							"uv": {
								"north": {
									"uv": [
										32,
										9
									],
									"uv_size": [
										1,
										7
									]
								},
								"east": {
									"uv": [
										33,
										31
									],
									"uv_size": [
										1,
										7
									]
								},
								"south": {
									"uv": [
										34,
										9
									],
									"uv_size": [
										1,
										7
									]
								},
								"west": {
									"uv": [
										15,
										35
									],
									"uv_size": [
										1,
										7
									]
								},
								"up": {
									"uv": [
										36,
										10
									],
									"uv_size": [
										1,
										1
									]
								},
								"down": {
									"uv": [
										36,
										13
									],
									"uv_size": [
										1,
										-1
									]
								}
							}
						}
					]
				}
			]
		}
	]
}