{
	"format_version": "1.12.0",
	"minecraft:geometry": [
		{
			"description": {
				"identifier": "geometry.custom_boat",
				"texture_width": 128,
				"texture_height": 64,
				"visible_bounds_width": 5,
				"visible_bounds_height": 3.5,
				"visible_bounds_offset": [
					0,
					1.25,
					0
				]
			},
			"bones": [
				{
					"name": "bone",
					"pivot": [
						0,
						0,
						0
					],
					"rotation": [
						0,
						-90,
						0
					]
				},
				{
					"name": "back",
					"parent": "bone",
					"pivot": [
						-15,
						6,
						0
					],
					"rotation": [
						0,
						-90,
						0
					],
					"mirror": true,
					"cubes": [
						{
							"origin": [
								-24,
								3,
								-1
							],
							"size": [
								18,
								6,
								2
							],
							"uv": {
								"north": {
									"uv": [
										20,
										21
									],
									"uv_size": [
										-18,
										6
									]
								},
								"east": {
									"uv": [
										22,
										21
									],
									"uv_size": [
										-2,
										6
									]
								},
								"south": {
									"uv": [
										40,
										21
									],
									"uv_size": [
										-18,
										6
									]
								},
								"west": {
									"uv": [
										2,
										21
									],
									"uv_size": [
										-2,
										6
									]
								},
								"up": {
									"uv": [
										20,
										19
									],
									"uv_size": [
										-18,
										2
									]
								},
								"down": {
									"uv": [
										38,
										21
									],
									"uv_size": [
										-18,
										-2
									]
								}
							}
						}
					]
				},
				{
					"name": "bottom",
					"parent": "bone",
					"pivot": [
						0,
						0,
						0
					],
					"rotation": [
						90,
						0,
						0
					],
					"mirror": true,
					"cubes": [
						{
							"origin": [
								-14,
								-8,
								0
							],
							"size": [
								28,
								16,
								3
							],
							"uv": {
								"north": {
									"uv": [
										31,
										3
									],
									"uv_size": [
										-28,
										16
									]
								},
								"east": {
									"uv": [
										34,
										3
									],
									"uv_size": [
										-3,
										16
									]
								},
								"south": {
									"uv": [
										62,
										3
									],
									"uv_size": [
										-28,
										16
									]
								},
								"west": {
									"uv": [
										3,
										3
									],
									"uv_size": [
										-3,
										16
									]
								},
								"up": {
									"uv": [
										31,
										0
									],
									"uv_size": [
										-28,
										3
									]
								},
								"down": {
									"uv": [
										59,
										3
									],
									"uv_size": [
										-28,
										-3
									]
								}
							}
						},
						{
							"origin": [
								-14,
								-8,
								4
							],
							"size": [
								28,
								16,
								2
							],
							"uv": {
								"north": {
									"uv": [
										31,
										3
									],
									"uv_size": [
										-28,
										16
									]
								},
								"east": {
									"uv": [
										34,
										3
									],
									"uv_size": [
										-3,
										16
									]
								},
								"south": {
									"uv": [
										62,
										3
									],
									"uv_size": [
										-28,
										16
									]
								},
								"west": {
									"uv": [
										3,
										3
									],
									"uv_size": [
										-3,
										16
									]
								},
								"up": {
									"uv": [
										31,
										0
									],
									"uv_size": [
										-28,
										3
									]
								},
								"down": {
									"uv": [
										59,
										3
									],
									"uv_size": [
										-28,
										-3
									]
								}
							}
						}
					]
				},
				{
					"name": "front",
					"parent": "bone",
					"pivot": [
						15,
						6,
						0
					],
					"rotation": [
						0,
						90,
						0
					],
					"mirror": true,
					"cubes": [
						{
							"origin": [
								7,
								3,
								-1
							],
							"size": [
								16,
								6,
								2
							],
							"uv": {
								"north": {
									"uv": [
										18,
										29
									],
									"uv_size": [
										-16,
										6
									]
								},
								"east": {
									"uv": [
										20,
										29
									],
									"uv_size": [
										-2,
										6
									]
								},
								"south": {
									"uv": [
										36,
										29
									],
									"uv_size": [
										-16,
										6
									]
								},
								"west": {
									"uv": [
										2,
										29
									],
									"uv_size": [
										-2,
										6
									]
								},
								"up": {
									"uv": [
										18,
										27
									],
									"uv_size": [
										-16,
										2
									]
								},
								"down": {
									"uv": [
										34,
										29
									],
									"uv_size": [
										-16,
										-2
									]
								}
							}
						}
					]
				},
				{
					"name": "right",
					"parent": "bone",
					"pivot": [
						0,
						6,
						-9
					],
					"rotation": [
						0,
						-180,
						0
					],
					"mirror": true,
					"cubes": [
						{
							"origin": [
								-14,
								3,
								-10
							],
							"size": [
								28,
								6,
								2
							],
							"uv": {
								"north": {
									"uv": [
										30,
										37
									],
									"uv_size": [
										-28,
										6
									]
								},
								"east": {
									"uv": [
										32,
										37
									],
									"uv_size": [
										-2,
										6
									]
								},
								"south": {
									"uv": [
										60,
										37
									],
									"uv_size": [
										-28,
										6
									]
								},
								"west": {
									"uv": [
										2,
										37
									],
									"uv_size": [
										-2,
										6
									]
								},
								"up": {
									"uv": [
										30,
										35
									],
									"uv_size": [
										-28,
										2
									]
								},
								"down": {
									"uv": [
										58,
										37
									],
									"uv_size": [
										-28,
										-2
									]
								}
							}
						}
					]
				},
				{
					"name": "left",
					"parent": "bone",
					"pivot": [
						0,
						6,
						9
					],
					"mirror": true,
					"cubes": [
						{
							"origin": [
								-14,
								3,
								8
							],
							"size": [
								28,
								6,
								2
							],
							"uv": {
								"north": {
									"uv": [
										30,
										45
									],
									"uv_size": [
										-28,
										6
									]
								},
								"east": {
									"uv": [
										32,
										45
									],
									"uv_size": [
										-2,
										6
									]
								},
								"south": {
									"uv": [
										60,
										45
									],
									"uv_size": [
										-28,
										6
									]
								},
								"west": {
									"uv": [
										2,
										45
									],
									"uv_size": [
										-2,
										6
									]
								},
								"up": {
									"uv": [
										30,
										43
									],
									"uv_size": [
										-28,
										2
									]
								},
								"down": {
									"uv": [
										58,
										45
									],
									"uv_size": [
										-28,
										-2
									]
								}
							}
						}
					]
				},
				{
					"name": "paddle_left",
					"parent": "bone",
					"pivot": [
						-2.5,
						10,
						9
					],
					"rotation": [
						-30,
						0,
						0
					],
					"mirror": true,
					"cubes": [
						{
							"origin": [
								-3.5,
								9,
								3.5
							],
							"size": [
								2,
								2,
								18
							],
							"uv": {
								"north": {
									"uv": [
										82,
										18
									],
									"uv_size": [
										-2,
										2
									]
								},
								"east": {
									"uv": [
										100,
										18
									],
									"uv_size": [
										-18,
										2
									]
								},
								"south": {
									"uv": [
										102,
										18
									],
									"uv_size": [
										-2,
										2
									]
								},
								"west": {
									"uv": [
										80,
										18
									],
									"uv_size": [
										-18,
										2
									]
								},
								"up": {
									"uv": [
										82,
										0
									],
									"uv_size": [
										-2,
										18
									]
								},
								"down": {
									"uv": [
										84,
										18
									],
									"uv_size": [
										-2,
										-18
									]
								}
							}
						},
						{
							"origin": [
								-2.51,
								8,
								17.5
							],
							"size": [
								1,
								6,
								7
							],
							"uv": {
								"north": {
									"uv": [
										70,
										7
									],
									"uv_size": [
										-1,
										6
									]
								},
								"east": {
									"uv": [
										77,
										7
									],
									"uv_size": [
										-7,
										6
									]
								},
								"south": {
									"uv": [
										78,
										7
									],
									"uv_size": [
										-1,
										6
									]
								},
								"west": {
									"uv": [
										69,
										7
									],
									"uv_size": [
										-7,
										6
									]
								},
								"up": {
									"uv": [
										70,
										0
									],
									"uv_size": [
										-1,
										7
									]
								},
								"down": {
									"uv": [
										71,
										7
									],
									"uv_size": [
										-1,
										-7
									]
								}
							}
						}
					]
				},
				{
					"name": "paddle_right",
					"parent": "bone",
					"pivot": [
						-2.5,
						10,
						-9
					],
					"rotation": [
						-30,
						180,
						0
					],
					"mirror": true,
					"cubes": [
						{
							"origin": [
								-3.5,
								9,
								-14.5
							],
							"size": [
								2,
								2,
								18
							],
							"uv": {
								"north": {
									"uv": [
										82,
										38
									],
									"uv_size": [
										-2,
										2
									]
								},
								"east": {
									"uv": [
										100,
										38
									],
									"uv_size": [
										-18,
										2
									]
								},
								"south": {
									"uv": [
										102,
										38
									],
									"uv_size": [
										-2,
										2
									]
								},
								"west": {
									"uv": [
										80,
										38
									],
									"uv_size": [
										-18,
										2
									]
								},
								"up": {
									"uv": [
										82,
										20
									],
									"uv_size": [
										-2,
										18
									]
								},
								"down": {
									"uv": [
										84,
										38
									],
									"uv_size": [
										-2,
										-18
									]
								}
							}
						},
						{
							"origin": [
								-3.49,
								8,
								-0.5
							],
							"size": [
								1,
								6,
								7
							],
							"uv": {
								"north": {
									"uv": [
										70,
										27
									],
									"uv_size": [
										-1,
										6
									]
								},
								"east": {
									"uv": [
										77,
										27
									],
									"uv_size": [
										-7,
										6
									]
								},
								"south": {
									"uv": [
										78,
										27
									],
									"uv_size": [
										-1,
										6
									]
								},
								"west": {
									"uv": [
										69,
										27
									],
									"uv_size": [
										-7,
										6
									]
								},
								"up": {
									"uv": [
										70,
										20
									],
									"uv_size": [
										-1,
										7
									]
								},
								"down": {
									"uv": [
										71,
										27
									],
									"uv_size": [
										-1,
										-7
									]
								}
							}
						}
					]
				}
			]
		}
	]
}