{
	"format_version": "1.12.0",
	"minecraft:geometry": [
		{
			"description": {
				"identifier": "geometry.DBoots",
				"texture_width": 32,
				"texture_height": 32,
				"visible_bounds_width": 2,
				"visible_bounds_height": 1.5,
				"visible_bounds_offset": [
					0,
					0.25,
					0
				]
			},
			"bones": [
				{
					"name": "RightLeg",
					"pivot": [
						-1.9,
						12,
						0
					],
					"cubes": [
						{
							"origin": [
								-4.5,
								-0.5,
								-2.5
							],
							"size": [
								4.8,
								4,
								5
							],
							"inflate": 0.01,
							"uv": [
								0,
								9
							]
						},
						{
							"origin": [
								-3.8,
								3.5,
								-2.5
							],
							"size": [
								3.4,
								1,
								1
							],
							"inflate": 0.01,
							"uv": [
								18,
								0
							]
						}
					]
				},
				{
					"name": "LeftLeg",
					"pivot": [
						1.9,
						12,
						0
					],
					"cubes": [
						{
							"origin": [
								-0.5,
								-0.5,
								-2.5
							],
							"size": [
								4.8,
								4,
								5
							],
							"uv": [
								0,
								0
							]
						},
						{
							"origin": [
								0.2,
								3.5,
								-2.5
							],
							"size": [
								3.4,
								1,
								1
							],
							"uv": [
								0,
								18
							]
						}
					]
				}
			]
		}
	]
}