{
	"format_version": "1.12.0",
	"minecraft:geometry": [
		{
			"description": {
				"identifier": "geometry.DLegs",
				"texture_width": 64,
				"texture_height": 64,
				"visible_bounds_width": 2,
				"visible_bounds_height": 3.5,
				"visible_bounds_offset": [
					0,
					1.25,
					0
				]
			},
			"bones": [
				{
					"name": "Body",
					"pivot": [
						0,
						24,
						0
					],
					"cubes": [
						{
							"origin": [
								-4,
								12,
								-2
							],
							"size": [
								8,
								12,
								4
							],
							"inflate": 0.251,
							"uv": [
								0,
								0
							]
						}
					]
				},
				{
					"name": "RightLeg",
					"pivot": [
						-1.9,
						12,
						0
					],
					"cubes": [
						{
							"origin": [
								-3.9,
								0,
								-2
							],
							"size": [
								4,
								12,
								4
							],
							"inflate": 0.252,
							"uv": [
								0,
								16
							]
						},
						{
							"origin": [
								-2.9,
								7,
								-2.4
							],
							"size": [
								2,
								4,
								4.8
							],
							"inflate": 0.01,
							"uv": [
								12,
								32
							]
						},
						{
							"origin": [
								-3.9,
								5,
								-2.5
							],
							"size": [
								4,
								2,
								4.9
							],
							"inflate": 0.01,
							"uv": [
								24,
								6
							]
						}
					]
				},
				{
					"name": "LeftLeg",
					"pivot": [
						1.9,
						12,
						0
					],
					"cubes": [
						{
							"origin": [
								-0.1,
								0,
								-2
							],
							"size": [
								4,
								12,
								4
							],
							"inflate": 0.253,
							"uv": [
								16,
								16
							]
						},
						{
							"origin": [
								0.9,
								7,
								-2.4
							],
							"size": [
								2,
								4,
								4.8
							],
							"uv": [
								0,
								32
							]
						},
						{
							"origin": [
								-0.1,
								5,
								-2.5
							],
							"size": [
								4,
								2,
								4.9
							],
							"uv": [
								24,
								0
							]
						}
					]
				}
			]
		}
	]
}