{
	"format_version": "1.12.0",
	"minecraft:geometry": [
		{
			"description": {
				"identifier": "geometry.DChest",
				"texture_width": 64,
				"texture_height": 64,
				"visible_bounds_width": 3,
				"visible_bounds_height": 3.5,
				"visible_bounds_offset": [
					0,
					1.25,
					0
				]
			},
			"bones": [
				{
					"name": "Body",
					"pivot": [
						0,
						24,
						0
					],
					"cubes": [
						{
							"origin": [
								-4,
								12,
								-2
							],
							"size": [
								8,
								12,
								4
							],
							"inflate": 0.251,
							"uv": [
								0,
								0
							]
						},
						{
							"origin": [
								-4,
								20.275,
								-2.6
							],
							"size": [
								8,
								4,
								2
							],
							"uv": [
								24,
								0
							]
						},
						{
							"origin": [
								-4,
								13.275,
								-2.6
							],
							"size": [
								8,
								2,
								2
							],
							"uv": [
								24,
								12
							]
						},
						{
							"origin": [
								-3,
								15.275,
								-2.4
							],
							"size": [
								6,
								5,
								2
							],
							"uv": [
								32,
								22
							]
						}
					]
				},
				{
					"name": "RightArm",
					"pivot": [
						-5,
						22,
						0
					],
					"cubes": [
						{
							"origin": [
								-8,
								12,
								-2
							],
							"size": [
								4,
								12,
								4
							],
							"inflate": 0.252,
							"uv": [
								0,
								16
							]
						},
						{
							"origin": [
								-8.6,
								23.5,
								-2.5
							],
							"size": [
								4.6,
								1,
								5
							],
							"uv": [
								32,
								16
							]
						},
						{
							"origin": [
								-8.6,
								14.5,
								-2.5
							],
							"size": [
								5.2,
								1,
								5
							],
							"uv": [
								0,
								32
							]
						},
						{
							"origin": [
								-10.2,
								23,
								-2.3
							],
							"size": [
								1.6,
								1,
								4.6
							],
							"uv": [
								0,
								38
							]
						}
					]
				},
				{
					"name": "LeftArm",
					"pivot": [
						5,
						22,
						0
					],
					"cubes": [
						{
							"origin": [
								8.6,
								23,
								-2.3
							],
							"size": [
								1.6,
								1,
								4.6
							],
							"uv": [
								10,
								38
							]
						},
						{
							"origin": [
								4,
								23.5,
								-2.5
							],
							"size": [
								4.6,
								1,
								5
							],
							"uv": [
								20,
								32
							]
						},
						{
							"origin": [
								3.4,
								14.5,
								-2.5
							],
							"size": [
								5.2,
								1,
								5
							],
							"uv": [
								24,
								6
							]
						},
						{
							"origin": [
								4,
								12,
								-2
							],
							"size": [
								4,
								12,
								4
							],
							"inflate": 0.252,
							"uv": [
								16,
								16
							]
						}
					]
				}
			]
		}
	]
}