{
	"format_version": "1.12.0",
	"minecraft:geometry": [
		{
			"description": {
				"identifier": "geometry.DHelmet",
				"texture_width": 64,
				"texture_height": 64,
				"visible_bounds_width": 2,
				"visible_bounds_height": 3.5,
				"visible_bounds_offset": [
					0,
					1.25,
					0
				]
			},
			"bones": [
				{
					"name": "Head",
					"pivot": [
						0,
						24,
						0
					],
					"cubes": [
						{
							"origin": [
								-4,
								24,
								-4
							],
							"size": [
								8,
								8,
								8
							],
							"inflate": 0.51,
							"uv": {
								"north": {
									"uv": [
										18,
										0
									],
									"uv_size": [
										8,
										8
									]
								},
								"east": {
									"uv": [
										18,
										8
									],
									"uv_size": [
										8,
										8
									]
								},
								"south": {
									"uv": [
										18,
										16
									],
									"uv_size": [
										8,
										8
									]
								},
								"west": {
									"uv": [
										0,
										20
									],
									"uv_size": [
										8,
										8
									]
								},
								"up": {
									"uv": [
										8,
										20
									],
									"uv_size": [
										8,
										8
									]
								},
								"down": {
									"uv": [
										16,
										32
									],
									"uv_size": [
										8,
										-8
									]
								}
							}
						},
						{
							"origin": [
								-5,
								23,
								-5
							],
							"size": [
								2,
								2,
								10
							],
							"inflate": 0.01,
							"uv": {
								"north": {
									"uv": [
										30,
										22
									],
									"uv_size": [
										2,
										2
									]
								},
								"east": {
									"uv": [
										30,
										4
									],
									"uv_size": [
										10,
										2
									]
								},
								"south": {
									"uv": [
										32,
										22
									],
									"uv_size": [
										2,
										2
									]
								},
								"west": {
									"uv": [
										30,
										6
									],
									"uv_size": [
										10,
										2
									]
								},
								"up": {
									"uv": [
										30,
										8
									],
									"uv_size": [
										2,
										10
									]
								},
								"down": {
									"uv": [
										32,
										18
									],
									"uv_size": [
										2,
										-10
									]
								}
							}
						},
						{
							"origin": [
								3,
								23,
								-5
							],
							"size": [
								2,
								2,
								10
							],
							"inflate": 0.02,
							"uv": {
								"north": {
									"uv": [
										39,
										14
									],
									"uv_size": [
										2,
										2
									]
								},
								"east": {
									"uv": [
										30,
										18
									],
									"uv_size": [
										10,
										2
									]
								},
								"south": {
									"uv": [
										40,
										0
									],
									"uv_size": [
										2,
										2
									]
								},
								"west": {
									"uv": [
										30,
										20
									],
									"uv_size": [
										10,
										2
									]
								},
								"up": {
									"uv": [
										16,
										32
									],
									"uv_size": [
										2,
										10
									]
								},
								"down": {
									"uv": [
										18,
										42
									],
									"uv_size": [
										2,
										-10
									]
								}
							}
						},
						{
							"origin": [
								4,
								25,
								-5
							],
							"size": [
								1,
								7,
								1
							],
							"uv": {
								"north": {
									"uv": [
										14,
										37
									],
									"uv_size": [
										1,
										7
									]
								},
								"east": {
									"uv": [
										15,
										37
									],
									"uv_size": [
										1,
										7
									]
								},
								"south": {
									"uv": [
										37,
										22
									],
									"uv_size": [
										1,
										7
									]
								},
								"west": {
									"uv": [
										24,
										37
									],
									"uv_size": [
										1,
										7
									]
								},
								"up": {
									"uv": [
										37,
										29
									],
									"uv_size": [
										1,
										1
									]
								},
								"down": {
									"uv": [
										17,
										43
									],
									"uv_size": [
										1,
										-1
									]
								}
							}
						},
						{
							"origin": [
								-5,
								25,
								-5
							],
							"size": [
								1,
								7,
								1
							],
							"uv": {
								"north": {
									"uv": [
										25,
										37
									],
									"uv_size": [
										1,
										7
									]
								},
								"east": {
									"uv": [
										26,
										37
									],
									"uv_size": [
										1,
										7
									]
								},
								"south": {
									"uv": [
										27,
										37
									],
									"uv_size": [
										1,
										7
									]
								},
								"west": {
									"uv": [
										28,
										37
									],
									"uv_size": [
										1,
										7
									]
								},
								"up": {
									"uv": [
										42,
										17
									],
									"uv_size": [
										1,
										1
									]
								},
								"down": {
									"uv": [
										18,
										43
									],
									"uv_size": [
										1,
										-1
									]
								}
							}
						},
						{
							"origin": [
								-4,
								31.7,
								-5
							],
							"size": [
								3,
								1,
								1
							],
							"uv": {
								"north": {
									"uv": [
										40,
										32
									],
									"uv_size": [
										3,
										1
									]
								},
								"east": {
									"uv": [
										42,
										18
									],
									"uv_size": [
										1,
										1
									]
								},
								"south": {
									"uv": [
										40,
										33
									],
									"uv_size": [
										3,
										1
									]
								},
								"west": {
									"uv": [
										19,
										42
									],
									"uv_size": [
										1,
										1
									]
								},
								"up": {
									"uv": [
										40,
										34
									],
									"uv_size": [
										3,
										1
									]
								},
								"down": {
									"uv": [
										40,
										36
									],
									"uv_size": [
										3,
										-1
									]
								}
							}
						},
						{
							"origin": [
								-4,
								28.7,
								-5
							],
							"size": [
								1,
								3,
								1
							],
							"uv": {
								"north": {
									"uv": [
										31,
										37
									],
									"uv_size": [
										1,
										3
									]
								},
								"east": {
									"uv": [
										33,
										40
									],
									"uv_size": [
										1,
										3
									]
								},
								"south": {
									"uv": [
										0,
										41
									],
									"uv_size": [
										1,
										3
									]
								},
								"west": {
									"uv": [
										1,
										41
									],
									"uv_size": [
										1,
										3
									]
								},
								"up": {
									"uv": [
										42,
										20
									],
									"uv_size": [
										1,
										1
									]
								},
								"down": {
									"uv": [
										21,
										43
									],
									"uv_size": [
										1,
										-1
									]
								}
							}
						},
						{
							"origin": [
								3,
								28.7,
								-5
							],
							"size": [
								1,
								3,
								1
							],
							"uv": {
								"north": {
									"uv": [
										2,
										41
									],
									"uv_size": [
										1,
										3
									]
								},
								"east": {
									"uv": [
										3,
										41
									],
									"uv_size": [
										1,
										3
									]
								},
								"south": {
									"uv": [
										4,
										41
									],
									"uv_size": [
										1,
										3
									]
								},
								"west": {
									"uv": [
										5,
										41
									],
									"uv_size": [
										1,
										3
									]
								},
								"up": {
									"uv": [
										42,
										21
									],
									"uv_size": [
										1,
										1
									]
								},
								"down": {
									"uv": [
										22,
										43
									],
									"uv_size": [
										1,
										-1
									]
								}
							}
						},
						{
							"origin": [
								-0.5,
								26,
								-5
							],
							"size": [
								1,
								3,
								1
							],
							"uv": {
								"north": {
									"uv": [
										6,
										41
									],
									"uv_size": [
										1,
										3
									]
								},
								"east": {
									"uv": [
										7,
										41
									],
									"uv_size": [
										1,
										3
									]
								},
								"south": {
									"uv": [
										8,
										41
									],
									"uv_size": [
										1,
										3
									]
								},
								"west": {
									"uv": [
										41,
										8
									],
									"uv_size": [
										1,
										3
									]
								},
								"up": {
									"uv": [
										42,
										22
									],
									"uv_size": [
										1,
										1
									]
								},
								"down": {
									"uv": [
										23,
										43
									],
									"uv_size": [
										1,
										-1
									]
								}
							}
						},
						{
							"origin": [
								-1.5,
								25,
								-5
							],
							"size": [
								3,
								1,
								1
							],
							"uv": {
								"north": {
									"uv": [
										40,
										39
									],
									"uv_size": [
										3,
										1
									]
								},
								"east": {
									"uv": [
										42,
										23
									],
									"uv_size": [
										1,
										1
									]
								},
								"south": {
									"uv": [
										9,
										41
									],
									"uv_size": [
										3,
										1
									]
								},
								"west": {
									"uv": [
										42,
										24
									],
									"uv_size": [
										1,
										1
									]
								},
								"up": {
									"uv": [
										41,
										11
									],
									"uv_size": [
										3,
										1
									]
								},
								"down": {
									"uv": [
										41,
										13
									],
									"uv_size": [
										3,
										-1
									]
								}
							}
						},
						{
							"origin": [
								1,
								31.7,
								-5
							],
							"size": [
								3,
								1,
								1
							],
							"uv": {
								"north": {
									"uv": [
										40,
										36
									],
									"uv_size": [
										3,
										1
									]
								},
								"east": {
									"uv": [
										42,
										19
									],
									"uv_size": [
										1,
										1
									]
								},
								"south": {
									"uv": [
										40,
										37
									],
									"uv_size": [
										3,
										1
									]
								},
								"west": {
									"uv": [
										20,
										42
									],
									"uv_size": [
										1,
										1
									]
								},
								"up": {
									"uv": [
										38,
										40
									],
									"uv_size": [
										3,
										1
									]
								},
								"down": {
									"uv": [
										40,
										39
									],
									"uv_size": [
										3,
										-1
									]
								}
							}
						},
						{
							"origin": [
								-1,
								29,
								-5
							],
							"size": [
								2,
								4,
								10
							],
							"uv": {
								"north": {
									"uv": [
										16,
										20
									],
									"uv_size": [
										2,
										4
									]
								},
								"east": {
									"uv": [
										24,
										24
									],
									"uv_size": [
										10,
										4
									]
								},
								"south": {
									"uv": [
										36,
										0
									],
									"uv_size": [
										2,
										4
									]
								},
								"west": {
									"uv": [
										26,
										0
									],
									"uv_size": [
										10,
										4
									]
								},
								"up": {
									"uv": [
										20,
										32
									],
									"uv_size": [
										2,
										10
									]
								},
								"down": {
									"uv": [
										22,
										42
									],
									"uv_size": [
										2,
										-10
									]
								}
							}
						},
						{
							"origin": [
								-3,
								29.7,
								-5
							],
							"size": [
								2,
								2,
								1
							],
							"uv": {
								"north": {
									"uv": [
										40,
										2
									],
									"uv_size": [
										2,
										2
									]
								},
								"east": {
									"uv": [
										42,
										5
									],
									"uv_size": [
										1,
										2
									]
								},
								"south": {
									"uv": [
										40,
										4
									],
									"uv_size": [
										2,
										2
									]
								},
								"west": {
									"uv": [
										42,
										7
									],
									"uv_size": [
										1,
										2
									]
								},
								"up": {
									"uv": [
										9,
										42
									],
									"uv_size": [
										2,
										1
									]
								},
								"down": {
									"uv": [
										42,
										10
									],
									"uv_size": [
										2,
										-1
									]
								}
							}
						},
						{
							"origin": [
								1,
								29.7,
								-5
							],
							"size": [
								2,
								2,
								1
							],
							"uv": {
								"north": {
									"uv": [
										40,
										6
									],
									"uv_size": [
										2,
										2
									]
								},
								"east": {
									"uv": [
										11,
										42
									],
									"uv_size": [
										1,
										2
									]
								},
								"south": {
									"uv": [
										40,
										18
									],
									"uv_size": [
										2,
										2
									]
								},
								"west": {
									"uv": [
										16,
										42
									],
									"uv_size": [
										1,
										2
									]
								},
								"up": {
									"uv": [
										42,
										10
									],
									"uv_size": [
										2,
										1
									]
								},
								"down": {
									"uv": [
										42,
										17
									],
									"uv_size": [
										2,
										-1
									]
								}
							}
						},
						{
							"origin": [
								-1,
								23,
								3.8
							],
							"size": [
								2,
								8,
								1
							],
							"uv": {
								"north": {
									"uv": [
										34,
										22
									],
									"uv_size": [
										2,
										8
									]
								},
								"east": {
									"uv": [
										36,
										8
									],
									"uv_size": [
										1,
										8
									]
								},
								"south": {
									"uv": [
										34,
										30
									],
									"uv_size": [
										2,
										8
									]
								},
								"west": {
									"uv": [
										36,
										22
									],
									"uv_size": [
										1,
										8
									]
								},
								"up": {
									"uv": [
										41,
										40
									],
									"uv_size": [
										2,
										1
									]
								},
								"down": {
									"uv": [
										42,
										5
									],
									"uv_size": [
										2,
										-1
									]
								}
							}
						},
						{
							"origin": [
								-1,
								33,
								-4
							],
							"size": [
								2,
								1,
								8
							],
							"uv": {
								"north": {
									"uv": [
										38,
										3
									],
									"uv_size": [
										2,
										1
									]
								},
								"east": {
									"uv": [
										34,
										16
									],
									"uv_size": [
										8,
										1
									]
								},
								"south": {
									"uv": [
										41,
										15
									],
									"uv_size": [
										2,
										1
									]
								},
								"west": {
									"uv": [
										34,
										17
									],
									"uv_size": [
										8,
										1
									]
								},
								"up": {
									"uv": [
										32,
										28
									],
									"uv_size": [
										2,
										8
									]
								},
								"down": {
									"uv": [
										34,
										16
									],
									"uv_size": [
										2,
										-8
									]
								}
							}
						},
						{
							"origin": [
								-4.9,
								23,
								-4
							],
							"size": [
								3.9,
								10,
								9
							],
							"uv": {
								"north": {
									"uv": [
										26,
										4
									],
									"uv_size": [
										4,
										10
									]
								},
								"east": {
									"uv": [
										0,
										0
									],
									"uv_size": [
										9,
										10
									]
								},
								"south": {
									"uv": [
										26,
										14
									],
									"uv_size": [
										4,
										10
									]
								},
								"west": {
									"uv": [
										9,
										0
									],
									"uv_size": [
										9,
										10
									]
								},
								"up": {
									"uv": [
										8,
										28
									],
									"uv_size": [
										4,
										9
									]
								},
								"down": {
									"uv": [
										12,
										37
									],
									"uv_size": [
										4,
										-9
									]
								}
							}
						},
						{
							"origin": [
								1,
								23,
								-4
							],
							"size": [
								3.9,
								10,
								9
							],
							"uv": {
								"north": {
									"uv": [
										0,
										28
									],
									"uv_size": [
										4,
										10
									]
								},
								"east": {
									"uv": [
										0,
										10
									],
									"uv_size": [
										9,
										10
									]
								},
								"south": {
									"uv": [
										4,
										28
									],
									"uv_size": [
										4,
										10
									]
								},
								"west": {
									"uv": [
										9,
										10
									],
									"uv_size": [
										9,
										10
									]
								},
								"up": {
									"uv": [
										24,
										28
									],
									"uv_size": [
										4,
										9
									]
								},
								"down": {
									"uv": [
										28,
										37
									],
									"uv_size": [
										4,
										-9
									]
								}
							}
						},
						{
							"origin": [
								-6.2,
								29.60954,
								-2.75711
							],
							"size": [
								2,
								4,
								2
							],
							"inflate": 0.001,
							"pivot": [
								-5.2,
								34.73729,
								-1.7022
							],
							"rotation": [
								20,
								67.5,
								0
							],
							"uv": {
								"north": {
									"uv": [
										36,
										30
									],
									"uv_size": [
										2,
										4
									]
								},
								"east": {
									"uv": [
										32,
										36
									],
									"uv_size": [
										2,
										4
									]
								},
								"south": {
									"uv": [
										36,
										34
									],
									"uv_size": [
										2,
										4
									]
								},
								"west": {
									"uv": [
										8,
										37
									],
									"uv_size": [
										2,
										4
									]
								},
								"up": {
									"uv": [
										40,
										20
									],
									"uv_size": [
										2,
										2
									]
								},
								"down": {
									"uv": [
										40,
										24
									],
									"uv_size": [
										2,
										-2
									]
								}
							}
						},
						{
							"origin": [
								-6.2,
								33.39251,
								-2.55081
							],
							"size": [
								2,
								3,
								2
							],
							"pivot": [
								-5.2,
								34.73729,
								-1.7022
							],
							"rotation": [
								10,
								67.5,
								0
							],
							"uv": {
								"north": {
									"uv": [
										29,
										37
									],
									"uv_size": [
										2,
										3
									]
								},
								"east": {
									"uv": [
										0,
										38
									],
									"uv_size": [
										2,
										3
									]
								},
								"south": {
									"uv": [
										38,
										0
									],
									"uv_size": [
										2,
										3
									]
								},
								"west": {
									"uv": [
										2,
										38
									],
									"uv_size": [
										2,
										3
									]
								},
								"up": {
									"uv": [
										40,
										24
									],
									"uv_size": [
										2,
										2
									]
								},
								"down": {
									"uv": [
										40,
										28
									],
									"uv_size": [
										2,
										-2
									]
								}
							}
						},
						{
							"origin": [
								-6.2,
								36.39251,
								-2.30081
							],
							"size": [
								2,
								0.3,
								1.6
							],
							"pivot": [
								-5.2,
								34.73729,
								-1.7022
							],
							"rotation": [
								10,
								67.5,
								0
							],
							"uv": {
								"north": {
									"uv": [
										42,
										25
									],
									"uv_size": [
										2,
										0.5
									]
								},
								"east": {
									"uv": [
										43,
										6
									],
									"uv_size": [
										1.5,
										0.5
									]
								},
								"south": {
									"uv": [
										42,
										26
									],
									"uv_size": [
										2,
										0.5
									]
								},
								"west": {
									"uv": [
										43,
										7
									],
									"uv_size": [
										1.5,
										0.5
									]
								},
								"up": {
									"uv": [
										12,
										41
									],
									"uv_size": [
										2,
										1.5
									]
								},
								"down": {
									"uv": [
										41,
										14.5
									],
									"uv_size": [
										2,
										-1.5
									]
								}
							}
						},
						{
							"origin": [
								-6,
								36.20014,
								-2.55072
							],
							"size": [
								1.6,
								3,
								1.6
							],
							"pivot": [
								-5.2,
								34.73729,
								-1.7022
							],
							"rotation": [
								2.5,
								67.5,
								0
							],
							"uv": {
								"north": {
									"uv": [
										38,
										28
									],
									"uv_size": [
										1.5,
										3
									]
								},
								"east": {
									"uv": [
										38,
										31
									],
									"uv_size": [
										1.5,
										3
									]
								},
								"south": {
									"uv": [
										34,
										38
									],
									"uv_size": [
										1.5,
										3
									]
								},
								"west": {
									"uv": [
										38,
										34
									],
									"uv_size": [
										1.5,
										3
									]
								},
								"up": {
									"uv": [
										38,
										41
									],
									"uv_size": [
										1.5,
										1.5
									]
								},
								"down": {
									"uv": [
										40,
										42.5
									],
									"uv_size": [
										1.5,
										-1.5
									]
								}
							}
						},
						{
							"origin": [
								-6,
								36.20886,
								-2.75053
							],
							"size": [
								1.6,
								0.3,
								0.2
							],
							"pivot": [
								-5.2,
								34.73729,
								-1.7022
							],
							"rotation": [
								2.5,
								67.5,
								0
							],
							"uv": {
								"north": {
									"uv": [
										29,
										42
									],
									"uv_size": [
										1.5,
										0.5
									]
								},
								"east": {
									"uv": [
										43,
										19
									],
									"uv_size": [
										0.5,
										0.5
									]
								},
								"south": {
									"uv": [
										42,
										29
									],
									"uv_size": [
										1.5,
										0.5
									]
								},
								"west": {
									"uv": [
										43,
										20
									],
									"uv_size": [
										0.5,
										0.5
									]
								},
								"up": {
									"uv": [
										42,
										30
									],
									"uv_size": [
										1.5,
										0.5
									]
								},
								"down": {
									"uv": [
										31,
										42.5
									],
									"uv_size": [
										1.5,
										-0.5
									]
								}
							}
						},
						{
							"origin": [
								-6,
								36.53106,
								-0.95978
							],
							"size": [
								1.6,
								0.3,
								0.2
							],
							"pivot": [
								-5.2,
								34.73729,
								-1.7022
							],
							"rotation": [
								2.5,
								67.5,
								0
							],
							"uv": {
								"north": {
									"uv": [
										42,
										31
									],
									"uv_size": [
										1.5,
										0.5
									]
								},
								"east": {
									"uv": [
										21,
										43
									],
									"uv_size": [
										0.5,
										0.5
									]
								},
								"south": {
									"uv": [
										42,
										41
									],
									"uv_size": [
										1.5,
										0.5
									]
								},
								"west": {
									"uv": [
										43,
										21
									],
									"uv_size": [
										0.5,
										0.5
									]
								},
								"up": {
									"uv": [
										42,
										42
									],
									"uv_size": [
										1.5,
										0.5
									]
								},
								"down": {
									"uv": [
										43,
										5.5
									],
									"uv_size": [
										1.5,
										-0.5
									]
								}
							}
						},
						{
							"origin": [
								4.2,
								29.60954,
								-2.75711
							],
							"size": [
								2,
								4,
								2
							],
							"inflate": 0.001,
							"pivot": [
								5.2,
								34.73729,
								-1.7022
							],
							"rotation": [
								20,
								-67.5,
								0
							],
							"uv": {
								"north": {
									"uv": [
										37,
										8
									],
									"uv_size": [
										2,
										4
									]
								},
								"east": {
									"uv": [
										10,
										37
									],
									"uv_size": [
										2,
										4
									]
								},
								"south": {
									"uv": [
										12,
										37
									],
									"uv_size": [
										2,
										4
									]
								},
								"west": {
									"uv": [
										37,
										12
									],
									"uv_size": [
										2,
										4
									]
								},
								"up": {
									"uv": [
										40,
										30
									],
									"uv_size": [
										2,
										2
									]
								},
								"down": {
									"uv": [
										31,
										42
									],
									"uv_size": [
										2,
										-2
									]
								}
							}
						},
						{
							"origin": [
								4.2,
								33.39251,
								-2.55081
							],
							"size": [
								2,
								3,
								2
							],
							"pivot": [
								5.2,
								34.73729,
								-1.7022
							],
							"rotation": [
								10,
								-67.5,
								0
							],
							"uv": {
								"north": {
									"uv": [
										4,
										38
									],
									"uv_size": [
										2,
										3
									]
								},
								"east": {
									"uv": [
										6,
										38
									],
									"uv_size": [
										2,
										3
									]
								},
								"south": {
									"uv": [
										38,
										22
									],
									"uv_size": [
										2,
										3
									]
								},
								"west": {
									"uv": [
										38,
										25
									],
									"uv_size": [
										2,
										3
									]
								},
								"up": {
									"uv": [
										40,
										28
									],
									"uv_size": [
										2,
										2
									]
								},
								"down": {
									"uv": [
										29,
										42
									],
									"uv_size": [
										2,
										-2
									]
								}
							}
						},
						{
							"origin": [
								4.2,
								36.39251,
								-2.30081
							],
							"size": [
								2,
								0.3,
								1.6
							],
							"pivot": [
								5.2,
								34.73729,
								-1.7022
							],
							"rotation": [
								10,
								-67.5,
								0
							],
							"uv": {
								"north": {
									"uv": [
										42,
										27
									],
									"uv_size": [
										2,
										0.5
									]
								},
								"east": {
									"uv": [
										43,
										18
									],
									"uv_size": [
										1.5,
										0.5
									]
								},
								"south": {
									"uv": [
										42,
										28
									],
									"uv_size": [
										2,
										0.5
									]
								},
								"west": {
									"uv": [
										19,
										43
									],
									"uv_size": [
										1.5,
										0.5
									]
								},
								"up": {
									"uv": [
										34,
										41
									],
									"uv_size": [
										2,
										1.5
									]
								},
								"down": {
									"uv": [
										36,
										42.5
									],
									"uv_size": [
										2,
										-1.5
									]
								}
							}
						},
						{
							"origin": [
								4.4,
								36.20014,
								-2.55072
							],
							"size": [
								1.6,
								3,
								1.6
							],
							"pivot": [
								5.2,
								34.73729,
								-1.7022
							],
							"rotation": [
								2.5,
								-67.5,
								0
							],
							"uv": {
								"north": {
									"uv": [
										36,
										38
									],
									"uv_size": [
										1.5,
										3
									]
								},
								"east": {
									"uv": [
										38,
										37
									],
									"uv_size": [
										1.5,
										3
									]
								},
								"south": {
									"uv": [
										39,
										8
									],
									"uv_size": [
										1.5,
										3
									]
								},
								"west": {
									"uv": [
										39,
										11
									],
									"uv_size": [
										1.5,
										3
									]
								},
								"up": {
									"uv": [
										42,
										0
									],
									"uv_size": [
										1.5,
										1.5
									]
								},
								"down": {
									"uv": [
										42,
										3.5
									],
									"uv_size": [
										1.5,
										-1.5
									]
								}
							}
						},
						{
							"origin": [
								4.4,
								36.20886,
								-2.75053
							],
							"size": [
								1.6,
								0.3,
								0.2
							],
							"pivot": [
								5.2,
								34.73729,
								-1.7022
							],
							"rotation": [
								2.5,
								-67.5,
								0
							],
							"uv": {
								"north": {
									"uv": [
										43,
										14
									],
									"uv_size": [
										1.5,
										0.5
									]
								},
								"east": {
									"uv": [
										23,
										43
									],
									"uv_size": [
										0.5,
										0.5
									]
								},
								"south": {
									"uv": [
										43,
										15
									],
									"uv_size": [
										1.5,
										0.5
									]
								},
								"west": {
									"uv": [
										43,
										23
									],
									"uv_size": [
										0.5,
										0.5
									]
								},
								"up": {
									"uv": [
										17,
										43
									],
									"uv_size": [
										1.5,
										0.5
									]
								},
								"down": {
									"uv": [
										43,
										17.5
									],
									"uv_size": [
										1.5,
										-0.5
									]
								}
							}
						},
						{
							"origin": [
								4.4,
								36.53106,
								-0.95978
							],
							"size": [
								1.6,
								0.3,
								0.2
							],
							"pivot": [
								5.2,
								34.73729,
								-1.7022
							],
							"rotation": [
								2.5,
								-67.5,
								0
							],
							"uv": {
								"north": {
									"uv": [
										43,
										8
									],
									"uv_size": [
										1.5,
										0.5
									]
								},
								"east": {
									"uv": [
										22,
										43
									],
									"uv_size": [
										0.5,
										0.5
									]
								},
								"south": {
									"uv": [
										9,
										43
									],
									"uv_size": [
										1.5,
										0.5
									]
								},
								"west": {
									"uv": [
										43,
										22
									],
									"uv_size": [
										0.5,
										0.5
									]
								},
								"up": {
									"uv": [
										12,
										43
									],
									"uv_size": [
										1.5,
										0.5
									]
								},
								"down": {
									"uv": [
										43,
										13.5
									],
									"uv_size": [
										1.5,
										-0.5
									]
								}
							}
						}
					]
				}
			]
		}
	]
}