{
	"format_version": "1.19.0",
	"minecraft:geometry": [
		{
			"description": {
				"identifier": "geometry.dwarven_hammer",
				"texture_width": 64,
				"texture_height": 64,
				"visible_bounds_width": 3,
				"visible_bounds_height": 4,
				"visible_bounds_offset": [
					0,
					1,
					0
				]
			},
			"bones": [
				{
					"name": "rightitem",
					"pivot": [
						0,
						0,
						0
					],
					"binding": "q.item_slot_to_bone_name(c.item_slot)"
				},
				{
					"name": "HammerBottom",
					"parent": "rightitem",
					"pivot": [
						0,
						3,
						0
					],
					"cubes": [
						{
							"origin": [
								-1,
								-7,
								-1
							],
							"size": [
								2,
								30,
								2
							],
							"uv": [
								0,
								0
							]
						},
						{
							"origin": [
								-0.5,
								-7,
								-1.2
							],
							"size": [
								1,
								30,
								2.4
							],
							"uv": [
								8,
								0
							]
						},
						{
							"origin": [
								-1.2,
								-7,
								-0.5
							],
							"size": [
								2.4,
								30,
								1
							],
							"uv": [
								14,
								0
							]
						}
					]
				},
				{
					"name": "HammerHandlePart",
					"parent": "HammerBottom",
					"pivot": [
						0,
						-7,
						0
					],
					"cubes": [
						{
							"origin": [
								-2,
								-9,
								-2
							],
							"size": [
								4,
								2,
								4
							],
							"uv": [
								20,
								0
							]
						},
						{
							"origin": [
								-2.2,
								-9.3,
								-1.5
							],
							"size": [
								4.4,
								2.4,
								3
							],
							"uv": [
								20,
								12
							]
						},
						{
							"origin": [
								-1.9,
								-9.6,
								-1.3
							],
							"size": [
								3.8,
								1.3,
								2.6
							],
							"uv": [
								20,
								17
							]
						},
						{
							"origin": [
								-1.5,
								-9.2,
								-2.2
							],
							"size": [
								3,
								2.4,
								4.4
							],
							"uv": [
								20,
								6
							]
						}
					]
				},
				{
					"name": "HammerHead",
					"parent": "HammerBottom",
					"pivot": [
						0,
						23,
						0
					],
					"cubes": [
						{
							"origin": [
								2,
								23,
								-9
							],
							"size": [
								1,
								6,
								1
							],
							"uv": {
								"north": {
									"uv": [
										27,
										28
									],
									"uv_size": [
										1,
										6
									]
								},
								"east": {
									"uv": [
										18,
										35
									],
									"uv_size": [
										1,
										6
									]
								},
								"south": {
									"uv": [
										19,
										35
									],
									"uv_size": [
										1,
										6
									]
								},
								"west": {
									"uv": [
										33,
										41
									],
									"uv_size": [
										1,
										6
									]
								},
								"up": {
									"uv": [
										30,
										19
									],
									"uv_size": [
										1,
										1
									]
								},
								"down": {
									"uv": [
										31,
										20
									],
									"uv_size": [
										1,
										-1
									]
								}
							}
						},
						{
							"origin": [
								2,
								29,
								-9
							],
							"size": [
								0.6,
								0.6,
								1
							],
							"uv": {
								"north": {
									"uv": [
										40,
										44
									],
									"uv_size": [
										0.625,
										0.625
									]
								},
								"east": {
									"uv": [
										31,
										34
									],
									"uv_size": [
										1,
										0.625
									]
								},
								"south": {
									"uv": [
										41,
										44
									],
									"uv_size": [
										0.625,
										0.625
									]
								},
								"west": {
									"uv": [
										32,
										34
									],
									"uv_size": [
										1,
										0.625
									]
								},
								"up": {
									"uv": [
										39,
										13
									],
									"uv_size": [
										0.625,
										1
									]
								},
								"down": {
									"uv": [
										35,
										40
									],
									"uv_size": [
										0.625,
										-1
									]
								}
							}
						},
						{
							"origin": [
								-2.6,
								29,
								-9
							],
							"size": [
								0.6,
								0.6,
								1
							],
							"uv": {
								"north": {
									"uv": [
										42,
										44
									],
									"uv_size": [
										0.625,
										0.625
									]
								},
								"east": {
									"uv": [
										36,
										39
									],
									"uv_size": [
										1,
										0.625
									]
								},
								"south": {
									"uv": [
										43,
										44
									],
									"uv_size": [
										0.625,
										0.625
									]
								},
								"west": {
									"uv": [
										37,
										39
									],
									"uv_size": [
										1,
										0.625
									]
								},
								"up": {
									"uv": [
										12,
										40
									],
									"uv_size": [
										0.625,
										1
									]
								},
								"down": {
									"uv": [
										13,
										41
									],
									"uv_size": [
										0.625,
										-1
									]
								}
							}
						},
						{
							"origin": [
								-2.6,
								22.4,
								-9
							],
							"size": [
								0.6,
								0.6,
								1
							],
							"uv": {
								"north": {
									"uv": [
										44,
										44
									],
									"uv_size": [
										0.625,
										0.625
									]
								},
								"east": {
									"uv": [
										40,
										13
									],
									"uv_size": [
										1,
										0.625
									]
								},
								"south": {
									"uv": [
										0,
										45
									],
									"uv_size": [
										0.625,
										0.625
									]
								},
								"west": {
									"uv": [
										41,
										13
									],
									"uv_size": [
										1,
										0.625
									]
								},
								"up": {
									"uv": [
										8,
										44
									],
									"uv_size": [
										0.625,
										1
									]
								},
								"down": {
									"uv": [
										9,
										45
									],
									"uv_size": [
										0.625,
										-1
									]
								}
							}
						},
						{
							"origin": [
								2,
								22.4,
								-9
							],
							"size": [
								0.6,
								0.6,
								1
							],
							"uv": {
								"north": {
									"uv": [
										45,
										0
									],
									"uv_size": [
										0.625,
										0.625
									]
								},
								"east": {
									"uv": [
										10,
										44
									],
									"uv_size": [
										1,
										0.625
									]
								},
								"south": {
									"uv": [
										1,
										45
									],
									"uv_size": [
										0.625,
										0.625
									]
								},
								"west": {
									"uv": [
										22,
										44
									],
									"uv_size": [
										1,
										0.625
									]
								},
								"up": {
									"uv": [
										23,
										44
									],
									"uv_size": [
										0.625,
										1
									]
								},
								"down": {
									"uv": [
										39,
										45
									],
									"uv_size": [
										0.625,
										-1
									]
								}
							}
						},
						{
							"origin": [
								-2.4,
								22.6,
								-8
							],
							"size": [
								4.8,
								6.5,
								0.4
							],
							"uv": {
								"north": {
									"uv": [
										33,
										17
									],
									"uv_size": [
										4.75,
										6.5
									]
								},
								"east": {
									"uv": [
										24,
										42
									],
									"uv_size": [
										0.375,
										6.5
									]
								},
								"south": {
									"uv": [
										33,
										24
									],
									"uv_size": [
										4.75,
										6.5
									]
								},
								"west": {
									"uv": [
										18,
										43
									],
									"uv_size": [
										0.375,
										6.5
									]
								},
								"up": {
									"uv": [
										42,
										39
									],
									"uv_size": [
										4.75,
										0.375
									]
								},
								"down": {
									"uv": [
										43,
										12.375
									],
									"uv_size": [
										4.75,
										-0.375
									]
								}
							}
						},
						{
							"origin": [
								-2,
								22,
								-9
							],
							"size": [
								4,
								8,
								1
							],
							"uv": {
								"north": {
									"uv": [
										4,
										32
									],
									"uv_size": [
										4,
										8
									]
								},
								"east": {
									"uv": [
										12,
										32
									],
									"uv_size": [
										1,
										8
									]
								},
								"south": {
									"uv": [
										8,
										32
									],
									"uv_size": [
										4,
										8
									]
								},
								"west": {
									"uv": [
										13,
										32
									],
									"uv_size": [
										1,
										8
									]
								},
								"up": {
									"uv": [
										42,
										26
									],
									"uv_size": [
										4,
										1
									]
								},
								"down": {
									"uv": [
										42,
										31
									],
									"uv_size": [
										4,
										-1
									]
								}
							}
						},
						{
							"origin": [
								-3,
								23,
								-9
							],
							"size": [
								1,
								6,
								1
							],
							"uv": {
								"north": {
									"uv": [
										34,
										41
									],
									"uv_size": [
										1,
										6
									]
								},
								"east": {
									"uv": [
										11,
										42
									],
									"uv_size": [
										1,
										6
									]
								},
								"south": {
									"uv": [
										20,
										42
									],
									"uv_size": [
										1,
										6
									]
								},
								"west": {
									"uv": [
										21,
										42
									],
									"uv_size": [
										1,
										6
									]
								},
								"up": {
									"uv": [
										32,
										19
									],
									"uv_size": [
										1,
										1
									]
								},
								"down": {
									"uv": [
										30,
										35
									],
									"uv_size": [
										1,
										-1
									]
								}
							}
						},
						{
							"origin": [
								-2.3,
								22.7,
								-8
							],
							"size": [
								4.6,
								2.3,
								4
							],
							"uv": {
								"north": {
									"uv": [
										25,
										38
									],
									"uv_size": [
										4.625,
										2.25
									]
								},
								"east": {
									"uv": [
										38,
										37
									],
									"uv_size": [
										4,
										2.25
									]
								},
								"south": {
									"uv": [
										38,
										27
									],
									"uv_size": [
										4.625,
										2.25
									]
								},
								"west": {
									"uv": [
										39,
										10
									],
									"uv_size": [
										4,
										2.25
									]
								},
								"up": {
									"uv": [
										34,
										10
									],
									"uv_size": [
										4.625,
										4
									]
								},
								"down": {
									"uv": [
										25,
										38
									],
									"uv_size": [
										4.625,
										-4
									]
								}
							}
						},
						{
							"origin": [
								-2,
								23,
								-4
							],
							"size": [
								4,
								2,
								10
							],
							"uv": {
								"north": {
									"uv": [
										12,
										41
									],
									"uv_size": [
										4,
										2
									]
								},
								"east": {
									"uv": [
										34,
										6
									],
									"uv_size": [
										10,
										2
									]
								},
								"south": {
									"uv": [
										16,
										41
									],
									"uv_size": [
										4,
										2
									]
								},
								"west": {
									"uv": [
										34,
										8
									],
									"uv_size": [
										10,
										2
									]
								},
								"up": {
									"uv": [
										14,
										31
									],
									"uv_size": [
										4,
										10
									]
								},
								"down": {
									"uv": [
										0,
										42
									],
									"uv_size": [
										4,
										-10
									]
								}
							}
						},
						{
							"origin": [
								-2.3,
								25,
								-8
							],
							"size": [
								4.6,
								2,
								3
							],
							"uv": {
								"north": {
									"uv": [
										36,
										4
									],
									"uv_size": [
										4.625,
										2
									]
								},
								"east": {
									"uv": [
										30,
										17
									],
									"uv_size": [
										3,
										2
									]
								},
								"south": {
									"uv": [
										38,
										35
									],
									"uv_size": [
										4.625,
										2
									]
								},
								"west": {
									"uv": [
										8,
										42
									],
									"uv_size": [
										3,
										2
									]
								},
								"up": {
									"uv": [
										38,
										18
									],
									"uv_size": [
										4.625,
										3
									]
								},
								"down": {
									"uv": [
										38,
										24
									],
									"uv_size": [
										4.625,
										-3
									]
								}
							}
						},
						{
							"origin": [
								-1,
								25,
								-5
							],
							"size": [
								2,
								2,
								2
							],
							"uv": {
								"north": {
									"uv": [
										25,
										32
									],
									"uv_size": [
										2,
										2
									]
								},
								"east": {
									"uv": [
										22,
										42
									],
									"uv_size": [
										2,
										2
									]
								},
								"south": {
									"uv": [
										42,
										24
									],
									"uv_size": [
										2,
										2
									]
								},
								"west": {
									"uv": [
										35,
										42
									],
									"uv_size": [
										2,
										2
									]
								},
								"up": {
									"uv": [
										37,
										42
									],
									"uv_size": [
										2,
										2
									]
								},
								"down": {
									"uv": [
										42,
										39
									],
									"uv_size": [
										2,
										-2
									]
								}
							}
						},
						{
							"origin": [
								-2,
								25,
								-3
							],
							"size": [
								4,
								2,
								4
							],
							"uv": {
								"north": {
									"uv": [
										40,
										2
									],
									"uv_size": [
										4,
										2
									]
								},
								"east": {
									"uv": [
										4,
										40
									],
									"uv_size": [
										4,
										2
									]
								},
								"south": {
									"uv": [
										8,
										40
									],
									"uv_size": [
										4,
										2
									]
								},
								"west": {
									"uv": [
										35,
										40
									],
									"uv_size": [
										4,
										2
									]
								},
								"up": {
									"uv": [
										30,
										35
									],
									"uv_size": [
										4,
										4
									]
								},
								"down": {
									"uv": [
										34,
										39
									],
									"uv_size": [
										4,
										-4
									]
								}
							}
						},
						{
							"origin": [
								-1,
								25,
								1
							],
							"size": [
								2,
								2,
								2
							],
							"uv": {
								"north": {
									"uv": [
										39,
										42
									],
									"uv_size": [
										2,
										2
									]
								},
								"east": {
									"uv": [
										41,
										42
									],
									"uv_size": [
										2,
										2
									]
								},
								"south": {
									"uv": [
										43,
										10
									],
									"uv_size": [
										2,
										2
									]
								},
								"west": {
									"uv": [
										12,
										43
									],
									"uv_size": [
										2,
										2
									]
								},
								"up": {
									"uv": [
										14,
										43
									],
									"uv_size": [
										2,
										2
									]
								},
								"down": {
									"uv": [
										16,
										45
									],
									"uv_size": [
										2,
										-2
									]
								}
							}
						},
						{
							"origin": [
								-2,
								25,
								3
							],
							"size": [
								4,
								2,
								3
							],
							"uv": {
								"north": {
									"uv": [
										39,
										40
									],
									"uv_size": [
										4,
										2
									]
								},
								"east": {
									"uv": [
										42,
										13
									],
									"uv_size": [
										3,
										2
									]
								},
								"south": {
									"uv": [
										41,
										4
									],
									"uv_size": [
										4,
										2
									]
								},
								"west": {
									"uv": [
										42,
										15
									],
									"uv_size": [
										3,
										2
									]
								},
								"up": {
									"uv": [
										34,
										14
									],
									"uv_size": [
										4,
										3
									]
								},
								"down": {
									"uv": [
										38,
										27
									],
									"uv_size": [
										4,
										-3
									]
								}
							}
						},
						{
							"origin": [
								-2,
								24,
								6
							],
							"size": [
								4,
								4,
								2
							],
							"uv": {
								"north": {
									"uv": [
										36,
										0
									],
									"uv_size": [
										4,
										4
									]
								},
								"east": {
									"uv": [
										25,
										28
									],
									"uv_size": [
										2,
										4
									]
								},
								"south": {
									"uv": [
										38,
										14
									],
									"uv_size": [
										4,
										4
									]
								},
								"west": {
									"uv": [
										18,
										31
									],
									"uv_size": [
										2,
										4
									]
								},
								"up": {
									"uv": [
										0,
										42
									],
									"uv_size": [
										4,
										2
									]
								},
								"down": {
									"uv": [
										4,
										44
									],
									"uv_size": [
										4,
										-2
									]
								}
							}
						},
						{
							"origin": [
								-2,
								25,
								8
							],
							"size": [
								4,
								2,
								1
							],
							"uv": {
								"north": {
									"uv": [
										25,
										41
									],
									"uv_size": [
										4,
										2
									]
								},
								"east": {
									"uv": [
										43,
										18
									],
									"uv_size": [
										1,
										2
									]
								},
								"south": {
									"uv": [
										29,
										41
									],
									"uv_size": [
										4,
										2
									]
								},
								"west": {
									"uv": [
										19,
										43
									],
									"uv_size": [
										1,
										2
									]
								},
								"up": {
									"uv": [
										38,
										30
									],
									"uv_size": [
										4,
										1
									]
								},
								"down": {
									"uv": [
										42,
										18
									],
									"uv_size": [
										4,
										-1
									]
								}
							}
						},
						{
							"origin": [
								-2,
								26.7,
								2.7
							],
							"size": [
								4,
								0.3,
								0.3
							],
							"uv": {
								"north": {
									"uv": [
										43,
										20
									],
									"uv_size": [
										4,
										0.25
									]
								},
								"east": {
									"uv": [
										45,
										1
									],
									"uv_size": [
										0.25,
										0.25
									]
								},
								"south": {
									"uv": [
										43,
										21
									],
									"uv_size": [
										4,
										0.25
									]
								},
								"west": {
									"uv": [
										2,
										45
									],
									"uv_size": [
										0.25,
										0.25
									]
								},
								"up": {
									"uv": [
										43,
										22
									],
									"uv_size": [
										4,
										0.25
									]
								},
								"down": {
									"uv": [
										43,
										23.25
									],
									"uv_size": [
										4,
										-0.25
									]
								}
							}
						},
						{
							"origin": [
								-2,
								26.7,
								1
							],
							"size": [
								4,
								0.3,
								0.3
							],
							"uv": {
								"north": {
									"uv": [
										25,
										43
									],
									"uv_size": [
										4,
										0.25
									]
								},
								"east": {
									"uv": [
										3,
										45
									],
									"uv_size": [
										0.25,
										0.25
									]
								},
								"south": {
									"uv": [
										43,
										27
									],
									"uv_size": [
										4,
										0.25
									]
								},
								"west": {
									"uv": [
										4,
										45
									],
									"uv_size": [
										0.25,
										0.25
									]
								},
								"up": {
									"uv": [
										43,
										28
									],
									"uv_size": [
										4,
										0.25
									]
								},
								"down": {
									"uv": [
										29,
										43.25
									],
									"uv_size": [
										4,
										-0.25
									]
								}
							}
						},
						{
							"origin": [
								-2,
								25,
								1
							],
							"size": [
								4,
								0.3,
								0.3
							],
							"uv": {
								"north": {
									"uv": [
										43,
										29
									],
									"uv_size": [
										4,
										0.25
									]
								},
								"east": {
									"uv": [
										45,
										4
									],
									"uv_size": [
										0.25,
										0.25
									]
								},
								"south": {
									"uv": [
										43,
										35
									],
									"uv_size": [
										4,
										0.25
									]
								},
								"west": {
									"uv": [
										5,
										45
									],
									"uv_size": [
										0.25,
										0.25
									]
								},
								"up": {
									"uv": [
										43,
										36
									],
									"uv_size": [
										4,
										0.25
									]
								},
								"down": {
									"uv": [
										43,
										40.25
									],
									"uv_size": [
										4,
										-0.25
									]
								}
							}
						},
						{
							"origin": [
								-2,
								25,
								2.7
							],
							"size": [
								4,
								0.3,
								0.3
							],
							"uv": {
								"north": {
									"uv": [
										43,
										41
									],
									"uv_size": [
										4,
										0.25
									]
								},
								"east": {
									"uv": [
										45,
										5
									],
									"uv_size": [
										0.25,
										0.25
									]
								},
								"south": {
									"uv": [
										43,
										42
									],
									"uv_size": [
										4,
										0.25
									]
								},
								"west": {
									"uv": [
										6,
										45
									],
									"uv_size": [
										0.25,
										0.25
									]
								},
								"up": {
									"uv": [
										43,
										43
									],
									"uv_size": [
										4,
										0.25
									]
								},
								"down": {
									"uv": [
										0,
										44.25
									],
									"uv_size": [
										4,
										-0.25
									]
								}
							}
						},
						{
							"origin": [
								-2,
								26.7,
								-5
							],
							"size": [
								4,
								0.3,
								0.3
							],
							"uv": {
								"north": {
									"uv": [
										29,
										44
									],
									"uv_size": [
										4,
										0.25
									]
								},
								"east": {
									"uv": [
										12,
										45
									],
									"uv_size": [
										0.25,
										0.25
									]
								},
								"south": {
									"uv": [
										35,
										44
									],
									"uv_size": [
										4,
										0.25
									]
								},
								"west": {
									"uv": [
										13,
										45
									],
									"uv_size": [
										0.25,
										0.25
									]
								},
								"up": {
									"uv": [
										44,
										37
									],
									"uv_size": [
										4,
										0.25
									]
								},
								"down": {
									"uv": [
										44,
										38.25
									],
									"uv_size": [
										4,
										-0.25
									]
								}
							}
						},
						{
							"origin": [
								-2,
								26.7,
								-3.3
							],
							"size": [
								4,
								0.3,
								0.3
							],
							"uv": {
								"north": {
									"uv": [
										44,
										19
									],
									"uv_size": [
										4,
										0.25
									]
								},
								"east": {
									"uv": [
										45,
										10
									],
									"uv_size": [
										0.25,
										0.25
									]
								},
								"south": {
									"uv": [
										44,
										24
									],
									"uv_size": [
										4,
										0.25
									]
								},
								"west": {
									"uv": [
										45,
										11
									],
									"uv_size": [
										0.25,
										0.25
									]
								},
								"up": {
									"uv": [
										25,
										44
									],
									"uv_size": [
										4,
										0.25
									]
								},
								"down": {
									"uv": [
										44,
										25.25
									],
									"uv_size": [
										4,
										-0.25
									]
								}
							}
						},
						{
							"origin": [
								-2,
								25,
								-3.3
							],
							"size": [
								4,
								0.3,
								0.3
							],
							"uv": {
								"north": {
									"uv": [
										44,
										7
									],
									"uv_size": [
										4,
										0.25
									]
								},
								"east": {
									"uv": [
										9,
										45
									],
									"uv_size": [
										0.25,
										0.25
									]
								},
								"south": {
									"uv": [
										44,
										8
									],
									"uv_size": [
										4,
										0.25
									]
								},
								"west": {
									"uv": [
										10,
										45
									],
									"uv_size": [
										0.25,
										0.25
									]
								},
								"up": {
									"uv": [
										44,
										9
									],
									"uv_size": [
										4,
										0.25
									]
								},
								"down": {
									"uv": [
										44,
										18.25
									],
									"uv_size": [
										4,
										-0.25
									]
								}
							}
						},
						{
							"origin": [
								-2,
								25,
								-5
							],
							"size": [
								4,
								0.3,
								0.3
							],
							"uv": {
								"north": {
									"uv": [
										44,
										2
									],
									"uv_size": [
										4,
										0.25
									]
								},
								"east": {
									"uv": [
										7,
										45
									],
									"uv_size": [
										0.25,
										0.25
									]
								},
								"south": {
									"uv": [
										44,
										3
									],
									"uv_size": [
										4,
										0.25
									]
								},
								"west": {
									"uv": [
										8,
										45
									],
									"uv_size": [
										0.25,
										0.25
									]
								},
								"up": {
									"uv": [
										4,
										44
									],
									"uv_size": [
										4,
										0.25
									]
								},
								"down": {
									"uv": [
										44,
										6.25
									],
									"uv_size": [
										4,
										-0.25
									]
								}
							}
						},
						{
							"origin": [
								-2.1,
								27,
								-8
							],
							"size": [
								4.2,
								2,
								14
							],
							"uv": {
								"north": {
									"uv": [
										30,
										39
									],
									"uv_size": [
										4.25,
										2
									]
								},
								"east": {
									"uv": [
										33,
										31
									],
									"uv_size": [
										14,
										2
									]
								},
								"south": {
									"uv": [
										40,
										0
									],
									"uv_size": [
										4.25,
										2
									]
								},
								"west": {
									"uv": [
										33,
										33
									],
									"uv_size": [
										14,
										2
									]
								},
								"up": {
									"uv": [
										20,
										28
									],
									"uv_size": [
										4.25,
										14
									]
								},
								"down": {
									"uv": [
										28,
										34
									],
									"uv_size": [
										4.25,
										-14
									]
								}
							}
						}
					]
				},
				{
					"name": "fan1",
					"parent": "HammerHead",
					"pivot": [
						0,
						26,
						2
					],
					"cubes": [
						{
							"origin": [
								-1.5,
								25,
								1
							],
							"size": [
								0,
								2,
								2
							],
							"uv": [
								20,
								20
							]
						},
						{
							"origin": [
								1.5,
								25,
								1
							],
							"size": [
								0,
								2,
								2
							],
							"uv": [
								20,
								24
							]
						}
					]
				},
				{
					"name": "fan2",
					"parent": "HammerHead",
					"pivot": [
						0,
						26,
						-4
					],
					"cubes": [
						{
							"origin": [
								1.5,
								25,
								-5
							],
							"size": [
								0,
								2,
								2
							],
							"uv": [
								24,
								24
							]
						},
						{
							"origin": [
								-1.5,
								25,
								-5
							],
							"size": [
								0,
								2,
								2
							],
							"uv": [
								24,
								20
							]
						}
					]
				}
			]
		}
	]
}