{
	"format_version": "1.12.0",
	"minecraft:geometry": [
		{
			"description": {
				"identifier": "geometry.elven_ears",
				"texture_width": 16,
				"texture_height": 16,
				"visible_bounds_width": 2,
				"visible_bounds_height": 3.5,
				"visible_bounds_offset": [
					0,
					1.25,
					0
				]
			},
			"bones": [
				{
					"name": "Head",
					"pivot": [
						0,
						24,
						0
					],
					"rotation": [
						-6,
						5,
						0
					],
					"cubes": [
						{
							"origin": [
								-7,
								27,
								-1.55
							],
							"size": [
								4,
								0.5,
								0.3
							],
							"pivot": [
								-4.6978,
								27.01351,
								-1.27145
							],
							"rotation": [
								0,
								22.5,
								22.5
							],
							"uv": {
								"north": {
									"uv": [
										0,
										0
									],
									"uv_size": [
										4,
										1
									]
								},
								"east": {
									"uv": [
										6,
										6
									],
									"uv_size": [
										1,
										1
									]
								},
								"south": {
									"uv": [
										0,
										1
									],
									"uv_size": [
										4,
										1
									]
								},
								"west": {
									"uv": [
										0,
										7
									],
									"uv_size": [
										1,
										1
									]
								},
								"up": {
									"uv": [
										0,
										2
									],
									"uv_size": [
										4,
										1
									]
								},
								"down": {
									"uv": [
										0,
										4
									],
									"uv_size": [
										4,
										-1
									]
								}
							}
						},
						{
							"origin": [
								-5.4,
								27.5,
								-1.55
							],
							"size": [
								2.4,
								0.3,
								0.3
							],
							"pivot": [
								-4.6978,
								27.01351,
								-1.27145
							],
							"rotation": [
								0,
								22.5,
								22.5
							],
							"uv": {
								"north": {
									"uv": [
										4,
										0
									],
									"uv_size": [
										4,
										1
									]
								},
								"east": {
									"uv": [
										6,
										6
									],
									"uv_size": [
										1,
										1
									]
								},
								"south": {
									"uv": [
										0,
										1
									],
									"uv_size": [
										4,
										1
									]
								},
								"west": {
									"uv": [
										0,
										7
									],
									"uv_size": [
										1,
										1
									]
								},
								"up": {
									"uv": [
										0,
										2
									],
									"uv_size": [
										4,
										1
									]
								},
								"down": {
									"uv": [
										0,
										4
									],
									"uv_size": [
										4,
										-1
									]
								}
							}
						},
						{
							"origin": [
								-6,
								27,
								-1.25
							],
							"size": [
								3,
								0.4,
								0.3
							],
							"pivot": [
								-4.6978,
								27.01351,
								-1.27145
							],
							"rotation": [
								0,
								22.5,
								22.5
							],
							"uv": {
								"north": {
									"uv": [
										0,
										6
									],
									"uv_size": [
										3,
										1
									]
								},
								"east": {
									"uv": [
										7,
										2
									],
									"uv_size": [
										1,
										1
									]
								},
								"south": {
									"uv": [
										3,
										6
									],
									"uv_size": [
										3,
										1
									]
								},
								"west": {
									"uv": [
										3,
										7
									],
									"uv_size": [
										1,
										1
									]
								},
								"up": {
									"uv": [
										6,
										4
									],
									"uv_size": [
										3,
										1
									]
								},
								"down": {
									"uv": [
										6,
										6
									],
									"uv_size": [
										3,
										-1
									]
								}
							}
						},
						{
							"origin": [
								-6,
								26.5,
								-1.55
							],
							"size": [
								3,
								0.5,
								0.3
							],
							"pivot": [
								-4.6978,
								27.01351,
								-1.27145
							],
							"rotation": [
								0,
								22.5,
								22.5
							],
							"uv": {
								"north": {
									"uv": [
										0,
										4
									],
									"uv_size": [
										3,
										1
									]
								},
								"east": {
									"uv": [
										7,
										0
									],
									"uv_size": [
										1,
										1
									]
								},
								"south": {
									"uv": [
										4,
										0
									],
									"uv_size": [
										3,
										1
									]
								},
								"west": {
									"uv": [
										1,
										7
									],
									"uv_size": [
										1,
										1
									]
								},
								"up": {
									"uv": [
										4,
										1
									],
									"uv_size": [
										3,
										1
									]
								},
								"down": {
									"uv": [
										4,
										3
									],
									"uv_size": [
										3,
										-1
									]
								}
							}
						},
						{
							"origin": [
								-5.8,
								26.7,
								-1.25
							],
							"size": [
								2.8,
								0.3,
								0.3
							],
							"pivot": [
								-4.6978,
								27.01351,
								-1.27145
							],
							"rotation": [
								0,
								22.5,
								22.5
							],
							"uv": {
								"north": {
									"uv": [
										3,
										4
									],
									"uv_size": [
										3,
										1
									]
								},
								"east": {
									"uv": [
										7,
										1
									],
									"uv_size": [
										1,
										1
									]
								},
								"south": {
									"uv": [
										4,
										3
									],
									"uv_size": [
										3,
										1
									]
								},
								"west": {
									"uv": [
										2,
										7
									],
									"uv_size": [
										1,
										1
									]
								},
								"up": {
									"uv": [
										0,
										5
									],
									"uv_size": [
										3,
										1
									]
								},
								"down": {
									"uv": [
										3,
										6
									],
									"uv_size": [
										3,
										-1
									]
								}
							}
						},
						{
							"origin": [
								3,
								27.5,
								-1.55
							],
							"size": [
								2.4,
								0.3,
								0.3
							],
							"pivot": [
								4.6978,
								27.01351,
								-1.27145
							],
							"rotation": [
								0,
								-22.5,
								-22.5
							],
							"uv": {
								"north": {
									"uv": [
										8,
										0
									],
									"uv_size": [
										-4,
										1
									]
								},
								"east": {
									"uv": [
										1,
										7
									],
									"uv_size": [
										-1,
										1
									]
								},
								"south": {
									"uv": [
										4,
										1
									],
									"uv_size": [
										-4,
										1
									]
								},
								"west": {
									"uv": [
										7,
										6
									],
									"uv_size": [
										-1,
										1
									]
								},
								"up": {
									"uv": [
										4,
										2
									],
									"uv_size": [
										-4,
										1
									]
								},
								"down": {
									"uv": [
										4,
										4
									],
									"uv_size": [
										-4,
										-1
									]
								}
							}
						},
						{
							"origin": [
								3,
								27,
								-1.25
							],
							"size": [
								3,
								0.4,
								0.3
							],
							"pivot": [
								4.6978,
								27.01351,
								-1.27145
							],
							"rotation": [
								0,
								-22.5,
								-22.5
							],
							"uv": {
								"north": {
									"uv": [
										3,
										6
									],
									"uv_size": [
										-3,
										1
									]
								},
								"east": {
									"uv": [
										4,
										7
									],
									"uv_size": [
										-1,
										1
									]
								},
								"south": {
									"uv": [
										6,
										6
									],
									"uv_size": [
										-3,
										1
									]
								},
								"west": {
									"uv": [
										8,
										2
									],
									"uv_size": [
										-1,
										1
									]
								},
								"up": {
									"uv": [
										9,
										4
									],
									"uv_size": [
										-3,
										1
									]
								},
								"down": {
									"uv": [
										9,
										6
									],
									"uv_size": [
										-3,
										-1
									]
								}
							}
						},
						{
							"origin": [
								2.6,
								27.4,
								-1.55
							],
							"size": [
								3,
								0.5,
								0.3
							],
							"pivot": [
								4.2978,
								27.91351,
								-1.27145
							],
							"rotation": [
								0,
								-22.5,
								-22.5
							],
							"uv": {
								"north": {
									"uv": [
										3,
										4
									],
									"uv_size": [
										-3,
										1
									]
								},
								"east": {
									"uv": [
										2,
										7
									],
									"uv_size": [
										-1,
										1
									]
								},
								"south": {
									"uv": [
										7,
										0
									],
									"uv_size": [
										-3,
										1
									]
								},
								"west": {
									"uv": [
										8,
										0
									],
									"uv_size": [
										-1,
										1
									]
								},
								"up": {
									"uv": [
										7,
										1
									],
									"uv_size": [
										-3,
										1
									]
								},
								"down": {
									"uv": [
										7,
										3
									],
									"uv_size": [
										-3,
										-1
									]
								}
							}
						},
						{
							"origin": [
								3,
								26.7,
								-1.25
							],
							"size": [
								2.8,
								0.3,
								0.3
							],
							"pivot": [
								4.6978,
								27.01351,
								-1.27145
							],
							"rotation": [
								0,
								-22.5,
								-22.5
							],
							"uv": {
								"north": {
									"uv": [
										6,
										4
									],
									"uv_size": [
										-3,
										1
									]
								},
								"east": {
									"uv": [
										3,
										7
									],
									"uv_size": [
										-1,
										1
									]
								},
								"south": {
									"uv": [
										7,
										3
									],
									"uv_size": [
										-3,
										1
									]
								},
								"west": {
									"uv": [
										8,
										1
									],
									"uv_size": [
										-1,
										1
									]
								},
								"up": {
									"uv": [
										3,
										5
									],
									"uv_size": [
										-3,
										1
									]
								},
								"down": {
									"uv": [
										6,
										6
									],
									"uv_size": [
										-3,
										-1
									]
								}
							}
						},
						{
							"origin": [
								3,
								26.5,
								-1.55
							],
							"size": [
								3,
								0.5,
								0.3
							],
							"pivot": [
								4.6978,
								27.01351,
								-1.27145
							],
							"rotation": [
								0,
								-22.5,
								-22.5
							],
							"uv": {
								"north": {
									"uv": [
										3,
										4
									],
									"uv_size": [
										-3,
										1
									]
								},
								"east": {
									"uv": [
										2,
										7
									],
									"uv_size": [
										-1,
										1
									]
								},
								"south": {
									"uv": [
										7,
										0
									],
									"uv_size": [
										-3,
										1
									]
								},
								"west": {
									"uv": [
										8,
										0
									],
									"uv_size": [
										-1,
										1
									]
								},
								"up": {
									"uv": [
										7,
										1
									],
									"uv_size": [
										-3,
										1
									]
								},
								"down": {
									"uv": [
										7,
										3
									],
									"uv_size": [
										-3,
										-1
									]
								}
							}
						},
						{
							"origin": [
								3,
								27,
								-1.55
							],
							"size": [
								4,
								0.5,
								0.3
							],
							"pivot": [
								4.6978,
								27.01351,
								-1.27145
							],
							"rotation": [
								0,
								-22.5,
								-22.5
							],
							"uv": {
								"north": {
									"uv": [
										4,
										0
									],
									"uv_size": [
										-4,
										1
									]
								},
								"east": {
									"uv": [
										1,
										7
									],
									"uv_size": [
										-1,
										1
									]
								},
								"south": {
									"uv": [
										4,
										1
									],
									"uv_size": [
										-4,
										1
									]
								},
								"west": {
									"uv": [
										7,
										6
									],
									"uv_size": [
										-1,
										1
									]
								},
								"up": {
									"uv": [
										4,
										2
									],
									"uv_size": [
										-4,
										1
									]
								},
								"down": {
									"uv": [
										4,
										4
									],
									"uv_size": [
										-4,
										-1
									]
								}
							}
						}
					]
				}
			]
		}
	]
}