{
	"format_version": "1.12.0",
	"minecraft:geometry": [
		{
			"description": {
				"identifier": "geometry.unknown",
				"texture_width": 64,
				"texture_height": 64,
				"visible_bounds_width": 3,
				"visible_bounds_height": 3.5,
				"visible_bounds_offset": [
					0,
					1.25,
					0
				]
			},
			"bones": [
				{
					"name": "Head",
					"pivot": [
						0,
						24,
						0
					],
					"rotation": [
						-6,
						5,
						0
					],
					"cubes": [
						{
							"origin": [
								-4,
								24,
								-4
							],
							"size": [
								8,
								8,
								8
							],
							"inflate": 0.5,
							"uv": [
								0,
								0
							]
						},
						{
							"origin": [
								-3,
								24,
								-5
							],
							"size": [
								2,
								1,
								1
							],
							"uv": [
								44,
								25
							]
						},
						{
							"origin": [
								-4,
								25,
								-5
							],
							"size": [
								1,
								1,
								1
							],
							"uv": [
								46,
								40
							]
						},
						{
							"origin": [
								-5,
								26,
								-5
							],
							"size": [
								1,
								5,
								1
							],
							"uv": [
								20,
								33
							]
						},
						{
							"origin": [
								-4,
								31,
								-5
							],
							"size": [
								1,
								1,
								1
							],
							"uv": [
								46,
								42
							]
						},
						{
							"origin": [
								-3,
								32,
								-5
							],
							"size": [
								6,
								1,
								1
							],
							"uv": [
								20,
								39
							]
						},
						{
							"origin": [
								3,
								31,
								-5
							],
							"size": [
								1,
								1,
								1
							],
							"uv": [
								44,
								46
							]
						},
						{
							"origin": [
								4,
								26,
								-5
							],
							"size": [
								1,
								5,
								1
							],
							"uv": [
								16,
								40
							]
						},
						{
							"origin": [
								3,
								25,
								-5
							],
							"size": [
								1,
								1,
								1
							],
							"uv": [
								0,
								47
							]
						},
						{
							"origin": [
								1,
								24,
								-5
							],
							"size": [
								2,
								1,
								1
							],
							"uv": [
								44,
								27
							]
						},
						{
							"origin": [
								-1,
								23,
								-5
							],
							"size": [
								2,
								1,
								1
							],
							"uv": [
								44,
								32
							]
						}
					]
				},
				{
					"name": "Body",
					"pivot": [
						0,
						24,
						0
					],
					"cubes": [
						{
							"origin": [
								-4,
								11,
								-2
							],
							"size": [
								8,
								13,
								4
							],
							"inflate": 0.25,
							"uv": [
								0,
								16
							]
						},
						{
							"origin": [
								-1,
								23,
								-2.6
							],
							"size": [
								2,
								1,
								1
							],
							"uv": [
								44,
								34
							]
						},
						{
							"origin": [
								-1.5,
								19,
								-2.4
							],
							"size": [
								1,
								4,
								1
							],
							"uv": [
								40,
								19
							]
						},
						{
							"origin": [
								0.5,
								19,
								-2.4
							],
							"size": [
								1,
								4,
								1
							],
							"uv": [
								40,
								24
							]
						},
						{
							"origin": [
								1,
								15,
								-2.6
							],
							"size": [
								1,
								4,
								1
							],
							"uv": [
								24,
								41
							]
						},
						{
							"origin": [
								-2,
								15,
								-2.6
							],
							"size": [
								1,
								4,
								1
							],
							"uv": [
								20,
								41
							]
						},
						{
							"origin": [
								-2.5,
								10.6,
								-2.4
							],
							"size": [
								1,
								4.4,
								1
							],
							"uv": [
								28,
								41
							]
						},
						{
							"origin": [
								1.5,
								10.6,
								-2.4
							],
							"size": [
								1,
								4.4,
								1
							],
							"uv": [
								42,
								39
							]
						}
					]
				},
				{
					"name": "RightArm",
					"pivot": [
						-5,
						22,
						0
					],
					"rotation": [
						-10,
						0,
						0
					],
					"cubes": [
						{
							"origin": [
								-8,
								12,
								-2
							],
							"size": [
								4,
								12,
								4
							],
							"inflate": 0.25,
							"uv": [
								24,
								16
							]
						},
						{
							"origin": [
								-6,
								24,
								-1
							],
							"size": [
								2,
								1,
								2
							],
							"uv": [
								8,
								40
							]
						},
						{
							"origin": [
								-7,
								23.7,
								-1
							],
							"size": [
								1,
								1,
								2
							],
							"uv": [
								40,
								29
							]
						},
						{
							"origin": [
								-6,
								23.7,
								-2
							],
							"size": [
								2,
								1,
								1
							],
							"uv": [
								44,
								36
							]
						},
						{
							"origin": [
								-6,
								23.4,
								-3
							],
							"size": [
								2,
								1,
								1
							],
							"uv": [
								20,
								46
							]
						},
						{
							"origin": [
								-6.5,
								22.4,
								-2.8
							],
							"size": [
								2,
								1,
								1
							],
							"uv": [
								26,
								46
							]
						},
						{
							"origin": [
								-7.5,
								21.4,
								-2.5
							],
							"size": [
								2,
								1,
								1
							],
							"uv": [
								46,
								29
							]
						},
						{
							"origin": [
								-6,
								23.7,
								1
							],
							"size": [
								2,
								1,
								1
							],
							"uv": [
								42,
								44
							]
						},
						{
							"origin": [
								-7,
								23.5,
								1
							],
							"size": [
								1,
								1,
								1
							],
							"uv": [
								4,
								47
							]
						},
						{
							"origin": [
								-7,
								23.5,
								-2
							],
							"size": [
								1,
								1,
								1
							],
							"uv": [
								48,
								0
							]
						},
						{
							"origin": [
								-8.5,
								20.4,
								-1.5
							],
							"size": [
								1.5,
								4,
								3
							],
							"uv": [
								34,
								39
							]
						},
						{
							"origin": [
								-8.5,
								19.4,
								-1
							],
							"size": [
								1,
								1,
								2
							],
							"uv": [
								8,
								43
							]
						},
						{
							"origin": [
								-8.5,
								15,
								-2.5
							],
							"size": [
								5,
								2,
								5
							],
							"uv": [
								24,
								32
							]
						}
					]
				},
				{
					"name": "LeftArm",
					"pivot": [
						5,
						22,
						0
					],
					"rotation": [
						12,
						0,
						0
					],
					"cubes": [
						{
							"origin": [
								4,
								12,
								-2
							],
							"size": [
								4,
								12,
								4
							],
							"inflate": 0.25,
							"uv": [
								32,
								0
							]
						},
						{
							"origin": [
								4.4,
								19.4,
								-0.2
							],
							"size": [
								1,
								1,
								2
							],
							"pivot": [
								6.4,
								22.29114,
								0.41552
							],
							"rotation": [
								0,
								180,
								0
							],
							"uv": [
								44,
								22
							]
						},
						{
							"origin": [
								6.9,
								24,
								-0.2
							],
							"size": [
								2,
								1,
								2
							],
							"pivot": [
								6.4,
								22.29114,
								0.41552
							],
							"rotation": [
								0,
								180,
								0
							],
							"uv": [
								40,
								16
							]
						},
						{
							"origin": [
								5.9,
								23.7,
								-0.2
							],
							"size": [
								1,
								1,
								2
							],
							"pivot": [
								6.4,
								22.29114,
								0.41552
							],
							"rotation": [
								0,
								180,
								0
							],
							"uv": [
								44,
								19
							]
						},
						{
							"origin": [
								6.9,
								23.7,
								-1.2
							],
							"size": [
								2,
								1,
								1
							],
							"pivot": [
								6.4,
								22.29114,
								0.41552
							],
							"rotation": [
								0,
								180,
								0
							],
							"uv": [
								14,
								46
							]
						},
						{
							"origin": [
								6.9,
								23.7,
								1.8
							],
							"size": [
								2,
								1,
								1
							],
							"pivot": [
								6.4,
								22.29114,
								0.41552
							],
							"rotation": [
								0,
								180,
								0
							],
							"uv": [
								8,
								46
							]
						},
						{
							"origin": [
								5.9,
								23.5,
								1.8
							],
							"size": [
								1,
								1,
								1
							],
							"pivot": [
								6.4,
								22.29114,
								0.41552
							],
							"rotation": [
								0,
								180,
								0
							],
							"uv": [
								48,
								4
							]
						},
						{
							"origin": [
								5.9,
								23.5,
								-1.2
							],
							"size": [
								1,
								1,
								1
							],
							"pivot": [
								6.4,
								22.29114,
								0.41552
							],
							"rotation": [
								0,
								180,
								0
							],
							"uv": [
								48,
								2
							]
						},
						{
							"origin": [
								4.4,
								20.4,
								-0.7
							],
							"size": [
								1.5,
								4,
								3
							],
							"pivot": [
								6.4,
								22.29114,
								0.41552
							],
							"rotation": [
								0,
								180,
								0
							],
							"uv": [
								0,
								40
							]
						},
						{
							"origin": [
								3.5,
								15,
								-2.5
							],
							"size": [
								5,
								2,
								5
							],
							"uv": [
								0,
								33
							]
						},
						{
							"origin": [
								5.3,
								21.4,
								-2.5
							],
							"size": [
								2,
								1,
								1
							],
							"uv": [
								46,
								38
							]
						},
						{
							"origin": [
								4.4,
								22.4,
								-2.8
							],
							"size": [
								2,
								1,
								1
							],
							"uv": [
								38,
								46
							]
						},
						{
							"origin": [
								3.9,
								23.4,
								-3
							],
							"size": [
								2,
								1,
								1
							],
							"uv": [
								32,
								46
							]
						}
					]
				}
			]
		}
	]
}