{
	"format_version": "1.12.0",
	"minecraft:geometry": [
		{
			"description": {
				"identifier": "geometry.elven_chestplate",
				"texture_width": 64,
				"texture_height": 64,
				"visible_bounds_width": 3,
				"visible_bounds_height": 3.5,
				"visible_bounds_offset": [
					0,
					1.25,
					0
				]
			},
			"bones": [
				{
					"name": "Head",
					"pivot": [
						0,
						24,
						0
					],
					"cubes": [
						{
							"origin": [
								-4,
								24,
								-4
							],
							"size": [
								8,
								2,
								8
							],
							"inflate": 0.51,
							"uv": {
								"north": {
									"uv": [
										28,
										21
									],
									"uv_size": [
										8,
										2
									]
								},
								"east": {
									"uv": [
										28,
										28
									],
									"uv_size": [
										8,
										2
									]
								},
								"south": {
									"uv": [
										28,
										30
									],
									"uv_size": [
										8,
										2
									]
								},
								"west": {
									"uv": [
										0,
										32
									],
									"uv_size": [
										8,
										2
									]
								},
								"up": {
									"uv": [
										0,
										12
									],
									"uv_size": [
										8,
										8
									]
								},
								"down": {
									"uv": [
										8,
										20
									],
									"uv_size": [
										8,
										-8
									]
								}
							}
						},
						{
							"origin": [
								-4,
								23.5,
								4.5
							],
							"size": [
								8,
								2,
								0.4
							],
							"uv": {
								"north": {
									"uv": [
										28,
										32
									],
									"uv_size": [
										8,
										2
									]
								},
								"east": {
									"uv": [
										20,
										44
									],
									"uv_size": [
										0.5,
										2
									]
								},
								"south": {
									"uv": [
										33,
										0
									],
									"uv_size": [
										8,
										2
									]
								},
								"west": {
									"uv": [
										21,
										44
									],
									"uv_size": [
										0.5,
										2
									]
								},
								"up": {
									"uv": [
										41,
										9
									],
									"uv_size": [
										8,
										0.5
									]
								},
								"down": {
									"uv": [
										14,
										41.5
									],
									"uv_size": [
										8,
										-0.5
									]
								}
							}
						},
						{
							"origin": [
								-3,
								23.1,
								4.5
							],
							"size": [
								6,
								0.4,
								0.4
							],
							"uv": {
								"north": {
									"uv": [
										42,
										14
									],
									"uv_size": [
										6,
										0.5
									]
								},
								"east": {
									"uv": [
										26,
										44
									],
									"uv_size": [
										0.5,
										0.5
									]
								},
								"south": {
									"uv": [
										42,
										22
									],
									"uv_size": [
										6,
										0.5
									]
								},
								"west": {
									"uv": [
										44,
										26
									],
									"uv_size": [
										0.5,
										0.5
									]
								},
								"up": {
									"uv": [
										42,
										23
									],
									"uv_size": [
										6,
										0.5
									]
								},
								"down": {
									"uv": [
										42,
										36.5
									],
									"uv_size": [
										6,
										-0.5
									]
								}
							}
						},
						{
							"origin": [
								-3,
								23,
								3.5
							],
							"size": [
								5.8,
								0.5,
								1
							],
							"uv": {
								"north": {
									"uv": [
										42,
										41
									],
									"uv_size": [
										6,
										0.5
									]
								},
								"east": {
									"uv": [
										15,
										40
									],
									"uv_size": [
										1,
										0.5
									]
								},
								"south": {
									"uv": [
										42,
										42
									],
									"uv_size": [
										6,
										0.5
									]
								},
								"west": {
									"uv": [
										21,
										42
									],
									"uv_size": [
										1,
										0.5
									]
								},
								"up": {
									"uv": [
										39,
										35
									],
									"uv_size": [
										6,
										1
									]
								},
								"down": {
									"uv": [
										9,
										41
									],
									"uv_size": [
										6,
										-1
									]
								}
							}
						},
						{
							"origin": [
								-3,
								23.2,
								2.5
							],
							"size": [
								5.5,
								0.3,
								1
							],
							"uv": {
								"north": {
									"uv": [
										21,
										43
									],
									"uv_size": [
										5.5,
										0.5
									]
								},
								"east": {
									"uv": [
										44,
										21
									],
									"uv_size": [
										1,
										0.5
									]
								},
								"south": {
									"uv": [
										27,
										43
									],
									"uv_size": [
										5.5,
										0.5
									]
								},
								"west": {
									"uv": [
										25,
										44
									],
									"uv_size": [
										1,
										0.5
									]
								},
								"up": {
									"uv": [
										41,
										1
									],
									"uv_size": [
										5.5,
										1
									]
								},
								"down": {
									"uv": [
										41,
										3
									],
									"uv_size": [
										5.5,
										-1
									]
								}
							}
						},
						{
							"origin": [
								-3,
								24.5,
								4.9
							],
							"size": [
								6,
								1,
								0.4
							],
							"uv": {
								"north": {
									"uv": [
										38,
										15
									],
									"uv_size": [
										6,
										1
									]
								},
								"east": {
									"uv": [
										25,
										36
									],
									"uv_size": [
										0.5,
										1
									]
								},
								"south": {
									"uv": [
										39,
										34
									],
									"uv_size": [
										6,
										1
									]
								},
								"west": {
									"uv": [
										35,
										37
									],
									"uv_size": [
										0.5,
										1
									]
								},
								"up": {
									"uv": [
										42,
										37
									],
									"uv_size": [
										6,
										0.5
									]
								},
								"down": {
									"uv": [
										42,
										40.5
									],
									"uv_size": [
										6,
										-0.5
									]
								}
							}
						},
						{
							"origin": [
								-2,
								23.5,
								4.9
							],
							"size": [
								4,
								1,
								0.4
							],
							"uv": {
								"north": {
									"uv": [
										28,
										23
									],
									"uv_size": [
										4,
										1
									]
								},
								"east": {
									"uv": [
										9,
										39
									],
									"uv_size": [
										0.5,
										1
									]
								},
								"south": {
									"uv": [
										32,
										20
									],
									"uv_size": [
										4,
										1
									]
								},
								"west": {
									"uv": [
										30,
										39
									],
									"uv_size": [
										0.5,
										1
									]
								},
								"up": {
									"uv": [
										32,
										27
									],
									"uv_size": [
										4,
										0.5
									]
								},
								"down": {
									"uv": [
										0,
										40.5
									],
									"uv_size": [
										4,
										-0.5
									]
								}
							}
						}
					]
				},
				{
					"name": "Body",
					"pivot": [
						0,
						24,
						0
					],
					"cubes": [
						{
							"origin": [
								-4,
								12,
								-2
							],
							"size": [
								8,
								12,
								4
							],
							"inflate": 0.26,
							"uv": {
								"north": {
									"uv": [
										0,
										0
									],
									"uv_size": [
										8,
										12
									]
								},
								"east": {
									"uv": [
										16,
										0
									],
									"uv_size": [
										4,
										12
									]
								},
								"south": {
									"uv": [
										8,
										0
									],
									"uv_size": [
										8,
										12
									]
								},
								"west": {
									"uv": [
										16,
										12
									],
									"uv_size": [
										4,
										12
									]
								},
								"up": {
									"uv": [
										16,
										24
									],
									"uv_size": [
										8,
										4
									]
								},
								"down": {
									"uv": [
										24,
										28
									],
									"uv_size": [
										8,
										-4
									]
								}
							}
						},
						{
							"origin": [
								-3,
								14.4,
								-2.8
							],
							"size": [
								6,
								1,
								2
							],
							"uv": {
								"north": {
									"uv": [
										30,
										40
									],
									"uv_size": [
										6,
										1
									]
								},
								"east": {
									"uv": [
										26,
										33
									],
									"uv_size": [
										2,
										1
									]
								},
								"south": {
									"uv": [
										36,
										40
									],
									"uv_size": [
										6,
										1
									]
								},
								"west": {
									"uv": [
										44,
										7
									],
									"uv_size": [
										2,
										1
									]
								},
								"up": {
									"uv": [
										10,
										36
									],
									"uv_size": [
										6,
										2
									]
								},
								"down": {
									"uv": [
										16,
										38
									],
									"uv_size": [
										6,
										-2
									]
								}
							}
						},
						{
							"origin": [
								-4,
								15.4,
								-2.8
							],
							"size": [
								8,
								2,
								2
							],
							"uv": {
								"north": {
									"uv": [
										33,
										2
									],
									"uv_size": [
										8,
										2
									]
								},
								"east": {
									"uv": [
										36,
										41
									],
									"uv_size": [
										2,
										2
									]
								},
								"south": {
									"uv": [
										33,
										4
									],
									"uv_size": [
										8,
										2
									]
								},
								"west": {
									"uv": [
										38,
										41
									],
									"uv_size": [
										2,
										2
									]
								},
								"up": {
									"uv": [
										33,
										6
									],
									"uv_size": [
										8,
										2
									]
								},
								"down": {
									"uv": [
										33,
										10
									],
									"uv_size": [
										8,
										-2
									]
								}
							}
						},
						{
							"origin": [
								-3,
								17.4,
								-2.8
							],
							"size": [
								6,
								1,
								2
							],
							"uv": {
								"north": {
									"uv": [
										40,
										38
									],
									"uv_size": [
										6,
										1
									]
								},
								"east": {
									"uv": [
										44,
										12
									],
									"uv_size": [
										2,
										1
									]
								},
								"south": {
									"uv": [
										40,
										39
									],
									"uv_size": [
										6,
										1
									]
								},
								"west": {
									"uv": [
										13,
										44
									],
									"uv_size": [
										2,
										1
									]
								},
								"up": {
									"uv": [
										36,
										16
									],
									"uv_size": [
										6,
										2
									]
								},
								"down": {
									"uv": [
										36,
										20
									],
									"uv_size": [
										6,
										-2
									]
								}
							}
						},
						{
							"origin": [
								-3,
								20.4,
								-2.8
							],
							"size": [
								6,
								1,
								2
							],
							"uv": {
								"north": {
									"uv": [
										0,
										41
									],
									"uv_size": [
										6,
										1
									]
								},
								"east": {
									"uv": [
										44,
										13
									],
									"uv_size": [
										2,
										1
									]
								},
								"south": {
									"uv": [
										41,
										0
									],
									"uv_size": [
										6,
										1
									]
								},
								"west": {
									"uv": [
										15,
										44
									],
									"uv_size": [
										2,
										1
									]
								},
								"up": {
									"uv": [
										36,
										20
									],
									"uv_size": [
										6,
										2
									]
								},
								"down": {
									"uv": [
										36,
										24
									],
									"uv_size": [
										6,
										-2
									]
								}
							}
						},
						{
							"origin": [
								-2.7,
								18.4,
								-2.8
							],
							"size": [
								5.4,
								2,
								2
							],
							"uv": {
								"north": {
									"uv": [
										36,
										36
									],
									"uv_size": [
										5.5,
										2
									]
								},
								"east": {
									"uv": [
										40,
										41
									],
									"uv_size": [
										2,
										2
									]
								},
								"south": {
									"uv": [
										25,
										37
									],
									"uv_size": [
										5.5,
										2
									]
								},
								"west": {
									"uv": [
										0,
										42
									],
									"uv_size": [
										2,
										2
									]
								},
								"up": {
									"uv": [
										10,
										38
									],
									"uv_size": [
										5.5,
										2
									]
								},
								"down": {
									"uv": [
										38,
										12
									],
									"uv_size": [
										5.5,
										-2
									]
								}
							}
						},
						{
							"origin": [
								1,
								21.4,
								-2.8
							],
							"size": [
								3.3,
								3,
								5.1
							],
							"uv": {
								"north": {
									"uv": [
										0,
										37
									],
									"uv_size": [
										3.5,
										3
									]
								},
								"east": {
									"uv": [
										33,
										10
									],
									"uv_size": [
										5,
										3
									]
								},
								"south": {
									"uv": [
										31,
										37
									],
									"uv_size": [
										3.5,
										3
									]
								},
								"west": {
									"uv": [
										33,
										13
									],
									"uv_size": [
										5,
										3
									]
								},
								"up": {
									"uv": [
										16,
										28
									],
									"uv_size": [
										3.5,
										5
									]
								},
								"down": {
									"uv": [
										28,
										21
									],
									"uv_size": [
										3.5,
										-5
									]
								}
							}
						},
						{
							"origin": [
								-1,
								21.4,
								-2.7
							],
							"size": [
								2,
								1,
								1.9
							],
							"uv": {
								"north": {
									"uv": [
										9,
										44
									],
									"uv_size": [
										2,
										1
									]
								},
								"east": {
									"uv": [
										44,
										10
									],
									"uv_size": [
										2,
										1
									]
								},
								"south": {
									"uv": [
										11,
										44
									],
									"uv_size": [
										2,
										1
									]
								},
								"west": {
									"uv": [
										44,
										11
									],
									"uv_size": [
										2,
										1
									]
								},
								"up": {
									"uv": [
										20,
										38
									],
									"uv_size": [
										2,
										2
									]
								},
								"down": {
									"uv": [
										22,
										43
									],
									"uv_size": [
										2,
										-2
									]
								}
							}
						},
						{
							"origin": [
								-4.3,
								21.4,
								-2.8
							],
							"size": [
								3.3,
								3,
								5.1
							],
							"uv": {
								"north": {
									"uv": [
										38,
										12
									],
									"uv_size": [
										3.5,
										3
									]
								},
								"east": {
									"uv": [
										16,
										33
									],
									"uv_size": [
										5,
										3
									]
								},
								"south": {
									"uv": [
										16,
										38
									],
									"uv_size": [
										3.5,
										3
									]
								},
								"west": {
									"uv": [
										21,
										33
									],
									"uv_size": [
										5,
										3
									]
								},
								"up": {
									"uv": [
										20,
										28
									],
									"uv_size": [
										3.5,
										5
									]
								},
								"down": {
									"uv": [
										24,
										33
									],
									"uv_size": [
										3.5,
										-5
									]
								}
							}
						},
						{
							"origin": [
								-1,
								22.4,
								-2.8
							],
							"size": [
								2,
								2,
								2
							],
							"uv": {
								"north": {
									"uv": [
										24,
										41
									],
									"uv_size": [
										2,
										2
									]
								},
								"east": {
									"uv": [
										26,
										41
									],
									"uv_size": [
										2,
										2
									]
								},
								"south": {
									"uv": [
										28,
										41
									],
									"uv_size": [
										2,
										2
									]
								},
								"west": {
									"uv": [
										30,
										41
									],
									"uv_size": [
										2,
										2
									]
								},
								"up": {
									"uv": [
										32,
										41
									],
									"uv_size": [
										2,
										2
									]
								},
								"down": {
									"uv": [
										34,
										43
									],
									"uv_size": [
										2,
										-2
									]
								}
							}
						}
					]
				},
				{
					"name": "RightArm",
					"pivot": [
						-5,
						22,
						0
					],
					"cubes": [
						{
							"origin": [
								-8,
								12,
								-2
							],
							"size": [
								4,
								12,
								4
							],
							"inflate": 0.251,
							"uv": {
								"north": {
									"uv": [
										0,
										20
									],
									"uv_size": [
										4,
										12
									]
								},
								"east": {
									"uv": [
										20,
										0
									],
									"uv_size": [
										4,
										12
									]
								},
								"south": {
									"uv": [
										4,
										20
									],
									"uv_size": [
										4,
										12
									]
								},
								"west": {
									"uv": [
										8,
										20
									],
									"uv_size": [
										4,
										12
									]
								},
								"up": {
									"uv": [
										8,
										32
									],
									"uv_size": [
										4,
										4
									]
								},
								"down": {
									"uv": [
										12,
										36
									],
									"uv_size": [
										4,
										-4
									]
								}
							}
						},
						{
							"origin": [
								-6,
								22,
								-1
							],
							"size": [
								2,
								2,
								2
							],
							"uv": {
								"north": {
									"uv": [
										2,
										42
									],
									"uv_size": [
										2,
										2
									]
								},
								"east": {
									"uv": [
										4,
										42
									],
									"uv_size": [
										2,
										2
									]
								},
								"south": {
									"uv": [
										9,
										42
									],
									"uv_size": [
										2,
										2
									]
								},
								"west": {
									"uv": [
										11,
										42
									],
									"uv_size": [
										2,
										2
									]
								},
								"up": {
									"uv": [
										42,
										12
									],
									"uv_size": [
										2,
										2
									]
								},
								"down": {
									"uv": [
										13,
										44
									],
									"uv_size": [
										2,
										-2
									]
								}
							}
						},
						{
							"origin": [
								-8.4,
								22.4,
								-2.4
							],
							"size": [
								4.8,
								2,
								0.9
							],
							"inflate": 0.1,
							"uv": {
								"north": {
									"uv": [
										35,
										38
									],
									"uv_size": [
										5,
										2
									]
								},
								"east": {
									"uv": [
										4,
										37
									],
									"uv_size": [
										1,
										2
									]
								},
								"south": {
									"uv": [
										4,
										39
									],
									"uv_size": [
										5,
										2
									]
								},
								"west": {
									"uv": [
										5,
										44
									],
									"uv_size": [
										1,
										2
									]
								},
								"up": {
									"uv": [
										20,
										40
									],
									"uv_size": [
										5,
										1
									]
								},
								"down": {
									"uv": [
										41,
										4
									],
									"uv_size": [
										5,
										-1
									]
								}
							}
						},
						{
							"origin": [
								-8.6,
								20.4,
								-1.3
							],
							"size": [
								5,
								4.2,
								2.8
							],
							"inflate": 0.1,
							"uv": {
								"north": {
									"uv": [
										28,
										0
									],
									"uv_size": [
										5,
										4
									]
								},
								"east": {
									"uv": [
										22,
										36
									],
									"uv_size": [
										3,
										4
									]
								},
								"south": {
									"uv": [
										28,
										4
									],
									"uv_size": [
										5,
										4
									]
								},
								"west": {
									"uv": [
										36,
										24
									],
									"uv_size": [
										3,
										4
									]
								},
								"up": {
									"uv": [
										0,
										34
									],
									"uv_size": [
										5,
										3
									]
								},
								"down": {
									"uv": [
										26,
										37
									],
									"uv_size": [
										5,
										-3
									]
								}
							}
						},
						{
							"origin": [
								-8.6,
								18,
								-1.1
							],
							"size": [
								1,
								2.2,
								2.4
							],
							"inflate": 0.1,
							"uv": {
								"north": {
									"uv": [
										44,
										15
									],
									"uv_size": [
										1,
										2
									]
								},
								"east": {
									"uv": [
										5,
										34
									],
									"uv_size": [
										2.5,
										2
									]
								},
								"south": {
									"uv": [
										17,
										44
									],
									"uv_size": [
										1,
										2
									]
								},
								"west": {
									"uv": [
										41,
										4
									],
									"uv_size": [
										2.5,
										2
									]
								},
								"up": {
									"uv": [
										6,
										43
									],
									"uv_size": [
										1,
										2.5
									]
								},
								"down": {
									"uv": [
										7,
										45.5
									],
									"uv_size": [
										1,
										-2.5
									]
								}
							}
						},
						{
							"origin": [
								-8.4,
								22.4,
								1.7
							],
							"size": [
								4.8,
								2,
								0.7
							],
							"inflate": 0.1,
							"uv": {
								"north": {
									"uv": [
										39.5,
										44.5
									],
									"uv_size": [
										5,
										2.5
									]
								},
								"east": {
									"uv": [
										39,
										49.5
									],
									"uv_size": [
										1,
										2.5
									]
								},
								"south": {
									"uv": [
										33,
										44.5
									],
									"uv_size": [
										5.5,
										2.5
									]
								},
								"west": {
									"uv": [
										35.5,
										50
									],
									"uv_size": [
										1,
										2.5
									]
								},
								"up": {
									"uv": [
										33,
										43
									],
									"uv_size": [
										5,
										1
									]
								},
								"down": {
									"uv": [
										38,
										44
									],
									"uv_size": [
										5,
										-1
									]
								}
							}
						}
					]
				},
				{
					"name": "LeftArm",
					"pivot": [
						5,
						22,
						0
					],
					"cubes": [
						{
							"origin": [
								4.1,
								22,
								-1
							],
							"size": [
								2,
								2,
								2
							],
							"pivot": [
								5.1,
								22,
								0
							],
							"rotation": [
								0,
								180,
								0
							],
							"uv": {
								"north": {
									"uv": [
										15,
										42
									],
									"uv_size": [
										2,
										2
									]
								},
								"east": {
									"uv": [
										42,
										16
									],
									"uv_size": [
										2,
										2
									]
								},
								"south": {
									"uv": [
										17,
										42
									],
									"uv_size": [
										2,
										2
									]
								},
								"west": {
									"uv": [
										42,
										18
									],
									"uv_size": [
										2,
										2
									]
								},
								"up": {
									"uv": [
										19,
										42
									],
									"uv_size": [
										2,
										2
									]
								},
								"down": {
									"uv": [
										42,
										22
									],
									"uv_size": [
										2,
										-2
									]
								}
							}
						},
						{
							"origin": [
								1.7,
								22.4,
								-2.4
							],
							"size": [
								4.8,
								2,
								0.9
							],
							"inflate": 0.1,
							"pivot": [
								5.1,
								22.4,
								0
							],
							"rotation": [
								0,
								180,
								0
							],
							"uv": {
								"north": {
									"uv": [
										39,
										30
									],
									"uv_size": [
										5,
										2
									]
								},
								"east": {
									"uv": [
										19,
										44
									],
									"uv_size": [
										1,
										2
									]
								},
								"south": {
									"uv": [
										39,
										32
									],
									"uv_size": [
										5,
										2
									]
								},
								"west": {
									"uv": [
										44,
										19
									],
									"uv_size": [
										1,
										2
									]
								},
								"up": {
									"uv": [
										41,
										8
									],
									"uv_size": [
										5,
										1
									]
								},
								"down": {
									"uv": [
										9,
										42
									],
									"uv_size": [
										5,
										-1
									]
								}
							}
						},
						{
							"origin": [
								1.5,
								20.4,
								-1.3
							],
							"size": [
								5,
								4.2,
								2.8
							],
							"inflate": 0.1,
							"pivot": [
								5.1,
								22.4,
								0
							],
							"rotation": [
								0,
								180,
								0
							],
							"uv": {
								"north": {
									"uv": [
										28,
										8
									],
									"uv_size": [
										5,
										4
									]
								},
								"east": {
									"uv": [
										36,
										28
									],
									"uv_size": [
										3,
										4
									]
								},
								"south": {
									"uv": [
										28,
										12
									],
									"uv_size": [
										5,
										4
									]
								},
								"west": {
									"uv": [
										36,
										32
									],
									"uv_size": [
										3,
										4
									]
								},
								"up": {
									"uv": [
										31,
										34
									],
									"uv_size": [
										5,
										3
									]
								},
								"down": {
									"uv": [
										5,
										39
									],
									"uv_size": [
										5,
										-3
									]
								}
							}
						},
						{
							"origin": [
								1.5,
								18,
								-1.1
							],
							"size": [
								1,
								2.2,
								2.4
							],
							"inflate": 0.1,
							"pivot": [
								5.1,
								18,
								0
							],
							"rotation": [
								0,
								180,
								0
							],
							"uv": {
								"north": {
									"uv": [
										44,
										17
									],
									"uv_size": [
										1,
										2
									]
								},
								"east": {
									"uv": [
										6,
										41
									],
									"uv_size": [
										2.5,
										2
									]
								},
								"south": {
									"uv": [
										18,
										44
									],
									"uv_size": [
										1,
										2
									]
								},
								"west": {
									"uv": [
										41,
										6
									],
									"uv_size": [
										2.5,
										2
									]
								},
								"up": {
									"uv": [
										8,
										43
									],
									"uv_size": [
										1,
										2.5
									]
								},
								"down": {
									"uv": [
										44,
										6.5
									],
									"uv_size": [
										1,
										-2.5
									]
								}
							}
						},
						{
							"origin": [
								1.7,
								22.4,
								1.7
							],
							"size": [
								4.8,
								2,
								0.7
							],
							"inflate": 0.1,
							"pivot": [
								5.1,
								22.4,
								0
							],
							"rotation": [
								0,
								180,
								0
							],
							"uv": {
								"north": {
									"uv": [
										39,
										26
									],
									"uv_size": [
										5,
										2
									]
								},
								"east": {
									"uv": [
										24,
										44
									],
									"uv_size": [
										0.5,
										2
									]
								},
								"south": {
									"uv": [
										39,
										28
									],
									"uv_size": [
										5,
										2
									]
								},
								"west": {
									"uv": [
										44,
										24
									],
									"uv_size": [
										0.5,
										2
									]
								},
								"up": {
									"uv": [
										43,
										43
									],
									"uv_size": [
										5,
										0.5
									]
								},
								"down": {
									"uv": [
										0,
										44.5
									],
									"uv_size": [
										5,
										-0.5
									]
								}
							}
						},
						{
							"origin": [
								4,
								12,
								-2
							],
							"size": [
								4,
								12,
								4
							],
							"inflate": 0.251,
							"uv": {
								"north": {
									"uv": [
										12,
										20
									],
									"uv_size": [
										4,
										12
									]
								},
								"east": {
									"uv": [
										20,
										12
									],
									"uv_size": [
										4,
										12
									]
								},
								"south": {
									"uv": [
										24,
										0
									],
									"uv_size": [
										4,
										12
									]
								},
								"west": {
									"uv": [
										24,
										12
									],
									"uv_size": [
										4,
										12
									]
								},
								"up": {
									"uv": [
										32,
										16
									],
									"uv_size": [
										4,
										4
									]
								},
								"down": {
									"uv": [
										32,
										27
									],
									"uv_size": [
										4,
										-4
									]
								}
							}
						}
					]
				}
			]
		}
	]
}