{
	"format_version": "1.12.0",
	"minecraft:geometry": [
		{
			"description": {
				"identifier": "geometry.feline",
				"texture_width": 32,
				"texture_height": 32,
				"visible_bounds_width": 4,
				"visible_bounds_height": 3.5,
				"visible_bounds_offset": [
					0,
					1.25,
					0
				]
			},
			"bones": [
				{
					"name": "Head",
					"pivot": [
						0,
						24,
						0
					]
				},
				{
					"name": "RightEar",
					"parent": "Head",
					"pivot": [
						-2.4,
						31.2,
						-2.1
					],
					"rotation": [
						0,
						0,
						-40
					],
					"cubes": [
						{
							"origin": [
								-4.4,
								31.2,
								-2.5
							],
							"size": [
								3,
								3,
								0.4
							],
							"uv": {
								"north": {
									"uv": [
										0,
										0
									],
									"uv_size": [
										3,
										3
									]
								},
								"east": {
									"uv": [
										12,
										18
									],
									"uv_size": [
										0.5,
										3
									]
								},
								"south": {
									"uv": [
										0,
										3
									],
									"uv_size": [
										3,
										3
									]
								},
								"west": {
									"uv": [
										18,
										14
									],
									"uv_size": [
										0.5,
										3
									]
								},
								"up": {
									"uv": [
										18,
										7
									],
									"uv_size": [
										3,
										0.5
									]
								},
								"down": {
									"uv": [
										17,
										18.5
									],
									"uv_size": [
										3,
										-0.5
									]
								}
							}
						},
						{
							"origin": [
								-2.4,
								34.2,
								-2.5
							],
							"size": [
								0.7,
								0.7,
								0.4
							],
							"uv": {
								"north": {
									"uv": [
										19,
										22
									],
									"uv_size": [
										0.5,
										0.5
									]
								},
								"east": {
									"uv": [
										22,
										19
									],
									"uv_size": [
										0.5,
										0.5
									]
								},
								"south": {
									"uv": [
										20,
										22
									],
									"uv_size": [
										0.5,
										0.5
									]
								},
								"west": {
									"uv": [
										22,
										20
									],
									"uv_size": [
										0.5,
										0.5
									]
								},
								"up": {
									"uv": [
										21,
										22
									],
									"uv_size": [
										0.5,
										0.5
									]
								},
								"down": {
									"uv": [
										22,
										21.5
									],
									"uv_size": [
										0.5,
										-0.5
									]
								}
							}
						},
						{
							"origin": [
								-3.4,
								34.2,
								-2.5
							],
							"size": [
								1,
								1.7,
								0.4
							],
							"uv": {
								"north": {
									"uv": [
										13,
										19
									],
									"uv_size": [
										1,
										1.5
									]
								},
								"east": {
									"uv": [
										21,
										11
									],
									"uv_size": [
										0.5,
										1.5
									]
								},
								"south": {
									"uv": [
										14,
										19
									],
									"uv_size": [
										1,
										1.5
									]
								},
								"west": {
									"uv": [
										12,
										21
									],
									"uv_size": [
										0.5,
										1.5
									]
								},
								"up": {
									"uv": [
										20,
										21
									],
									"uv_size": [
										1,
										0.5
									]
								},
								"down": {
									"uv": [
										21,
										21.5
									],
									"uv_size": [
										1,
										-0.5
									]
								}
							}
						},
						{
							"origin": [
								-4.1,
								34.2,
								-2.5
							],
							"size": [
								0.7,
								0.7,
								0.4
							],
							"uv": {
								"north": {
									"uv": [
										22,
										22
									],
									"uv_size": [
										0.5,
										0.5
									]
								},
								"east": {
									"uv": [
										0,
										23
									],
									"uv_size": [
										0.5,
										0.5
									]
								},
								"south": {
									"uv": [
										23,
										0
									],
									"uv_size": [
										0.5,
										0.5
									]
								},
								"west": {
									"uv": [
										1,
										23
									],
									"uv_size": [
										0.5,
										0.5
									]
								},
								"up": {
									"uv": [
										23,
										1
									],
									"uv_size": [
										0.5,
										0.5
									]
								},
								"down": {
									"uv": [
										2,
										23.5
									],
									"uv_size": [
										0.5,
										-0.5
									]
								}
							}
						},
						{
							"origin": [
								-2.4,
								31.2,
								-2.1
							],
							"size": [
								0.8,
								3,
								0.5
							],
							"uv": {
								"north": {
									"uv": [
										7,
										8
									],
									"uv_size": [
										1,
										3
									]
								},
								"east": {
									"uv": [
										19,
										0
									],
									"uv_size": [
										0.5,
										3
									]
								},
								"south": {
									"uv": [
										8,
										8
									],
									"uv_size": [
										1,
										3
									]
								},
								"west": {
									"uv": [
										1,
										19
									],
									"uv_size": [
										0.5,
										3
									]
								},
								"up": {
									"uv": [
										21,
										15
									],
									"uv_size": [
										1,
										0.5
									]
								},
								"down": {
									"uv": [
										16,
										21.5
									],
									"uv_size": [
										1,
										-0.5
									]
								}
							}
						},
						{
							"origin": [
								-2.4,
								34.2,
								-2.1
							],
							"size": [
								0.6,
								0.6,
								0.5
							],
							"uv": {
								"north": {
									"uv": [
										22,
										11
									],
									"uv_size": [
										0.5,
										0.5
									]
								},
								"east": {
									"uv": [
										22,
										12
									],
									"uv_size": [
										0.5,
										0.5
									]
								},
								"south": {
									"uv": [
										22,
										13
									],
									"uv_size": [
										0.5,
										0.5
									]
								},
								"west": {
									"uv": [
										22,
										14
									],
									"uv_size": [
										0.5,
										0.5
									]
								},
								"up": {
									"uv": [
										15,
										22
									],
									"uv_size": [
										0.5,
										0.5
									]
								},
								"down": {
									"uv": [
										22,
										15.5
									],
									"uv_size": [
										0.5,
										-0.5
									]
								}
							}
						},
						{
							"origin": [
								-3.4,
								31.2,
								-2.1
							],
							"size": [
								1,
								3.6,
								0.6
							],
							"uv": {
								"north": {
									"uv": [
										8,
										2
									],
									"uv_size": [
										1,
										3.5
									]
								},
								"east": {
									"uv": [
										8,
										18
									],
									"uv_size": [
										0.5,
										3.5
									]
								},
								"south": {
									"uv": [
										3,
										8
									],
									"uv_size": [
										1,
										3.5
									]
								},
								"west": {
									"uv": [
										9,
										18
									],
									"uv_size": [
										0.5,
										3.5
									]
								},
								"up": {
									"uv": [
										21,
										16
									],
									"uv_size": [
										1,
										0.5
									]
								},
								"down": {
									"uv": [
										17,
										21.5
									],
									"uv_size": [
										1,
										-0.5
									]
								}
							}
						},
						{
							"origin": [
								-3.2,
								34.8,
								-2.1
							],
							"size": [
								0.6,
								0.9,
								0.2
							],
							"uv": {
								"north": {
									"uv": [
										22,
										0
									],
									"uv_size": [
										0.5,
										1
									]
								},
								"east": {
									"uv": [
										1,
										22
									],
									"uv_size": [
										0.5,
										1
									]
								},
								"south": {
									"uv": [
										22,
										1
									],
									"uv_size": [
										0.5,
										1
									]
								},
								"west": {
									"uv": [
										2,
										22
									],
									"uv_size": [
										0.5,
										1
									]
								},
								"up": {
									"uv": [
										23,
										2
									],
									"uv_size": [
										0.5,
										0.5
									]
								},
								"down": {
									"uv": [
										3,
										23.5
									],
									"uv_size": [
										0.5,
										-0.5
									]
								}
							}
						},
						{
							"origin": [
								-4.2,
								31.2,
								-2.1
							],
							"size": [
								0.8,
								3,
								0.5
							],
							"uv": {
								"north": {
									"uv": [
										9,
										2
									],
									"uv_size": [
										1,
										3
									]
								},
								"east": {
									"uv": [
										2,
										19
									],
									"uv_size": [
										0.5,
										3
									]
								},
								"south": {
									"uv": [
										9,
										8
									],
									"uv_size": [
										1,
										3
									]
								},
								"west": {
									"uv": [
										19,
										12
									],
									"uv_size": [
										0.5,
										3
									]
								},
								"up": {
									"uv": [
										21,
										17
									],
									"uv_size": [
										1,
										0.5
									]
								},
								"down": {
									"uv": [
										21,
										18.5
									],
									"uv_size": [
										1,
										-0.5
									]
								}
							}
						},
						{
							"origin": [
								-4,
								34.2,
								-2.1
							],
							"size": [
								0.6,
								0.6,
								0.5
							],
							"uv": {
								"north": {
									"uv": [
										16,
										22
									],
									"uv_size": [
										0.5,
										0.5
									]
								},
								"east": {
									"uv": [
										22,
										16
									],
									"uv_size": [
										0.5,
										0.5
									]
								},
								"south": {
									"uv": [
										17,
										22
									],
									"uv_size": [
										0.5,
										0.5
									]
								},
								"west": {
									"uv": [
										22,
										17
									],
									"uv_size": [
										0.5,
										0.5
									]
								},
								"up": {
									"uv": [
										18,
										22
									],
									"uv_size": [
										0.5,
										0.5
									]
								},
								"down": {
									"uv": [
										22,
										18.5
									],
									"uv_size": [
										0.5,
										-0.5
									]
								}
							}
						}
					]
				},
				{
					"name": "LeftEar",
					"parent": "Head",
					"pivot": [
						3.6,
						31.2,
						-1.8
					],
					"rotation": [
						24.03363,
						-7.0977,
						32.98731
					],
					"cubes": [
						{
							"origin": [
								1.6,
								31.2,
								-2.2
							],
							"size": [
								3,
								3,
								0.4
							],
							"uv": {
								"north": {
									"uv": [
										3,
										0
									],
									"uv_size": [
										3,
										3
									]
								},
								"east": {
									"uv": [
										15,
										19
									],
									"uv_size": [
										0.5,
										3
									]
								},
								"south": {
									"uv": [
										3,
										3
									],
									"uv_size": [
										3,
										3
									]
								},
								"west": {
									"uv": [
										19,
										15
									],
									"uv_size": [
										0.5,
										3
									]
								},
								"up": {
									"uv": [
										19,
										3
									],
									"uv_size": [
										3,
										0.5
									]
								},
								"down": {
									"uv": [
										19,
										5.5
									],
									"uv_size": [
										3,
										-0.5
									]
								}
							}
						},
						{
							"origin": [
								3.6,
								34.2,
								-2.2
							],
							"size": [
								0.7,
								0.7,
								0.4
							],
							"uv": {
								"north": {
									"uv": [
										23,
										3
									],
									"uv_size": [
										0.5,
										0.5
									]
								},
								"east": {
									"uv": [
										4,
										23
									],
									"uv_size": [
										0.5,
										0.5
									]
								},
								"south": {
									"uv": [
										23,
										4
									],
									"uv_size": [
										0.5,
										0.5
									]
								},
								"west": {
									"uv": [
										5,
										23
									],
									"uv_size": [
										0.5,
										0.5
									]
								},
								"up": {
									"uv": [
										23,
										5
									],
									"uv_size": [
										0.5,
										0.5
									]
								},
								"down": {
									"uv": [
										6,
										23.5
									],
									"uv_size": [
										0.5,
										-0.5
									]
								}
							}
						},
						{
							"origin": [
								2.6,
								34.2,
								-2.2
							],
							"size": [
								1,
								1.7,
								0.4
							],
							"uv": {
								"north": {
									"uv": [
										16,
										19
									],
									"uv_size": [
										1,
										1.5
									]
								},
								"east": {
									"uv": [
										13,
										21
									],
									"uv_size": [
										0.5,
										1.5
									]
								},
								"south": {
									"uv": [
										17,
										19
									],
									"uv_size": [
										1,
										1.5
									]
								},
								"west": {
									"uv": [
										14,
										21
									],
									"uv_size": [
										0.5,
										1.5
									]
								},
								"up": {
									"uv": [
										22,
										3
									],
									"uv_size": [
										1,
										0.5
									]
								},
								"down": {
									"uv": [
										4,
										22.5
									],
									"uv_size": [
										1,
										-0.5
									]
								}
							}
						},
						{
							"origin": [
								1.9,
								34.2,
								-2.2
							],
							"size": [
								0.7,
								0.7,
								0.4
							],
							"uv": {
								"north": {
									"uv": [
										23,
										6
									],
									"uv_size": [
										0.5,
										0.5
									]
								},
								"east": {
									"uv": [
										7,
										23
									],
									"uv_size": [
										0.5,
										0.5
									]
								},
								"south": {
									"uv": [
										23,
										7
									],
									"uv_size": [
										0.5,
										0.5
									]
								},
								"west": {
									"uv": [
										8,
										23
									],
									"uv_size": [
										0.5,
										0.5
									]
								},
								"up": {
									"uv": [
										23,
										8
									],
									"uv_size": [
										0.5,
										0.5
									]
								},
								"down": {
									"uv": [
										9,
										23.5
									],
									"uv_size": [
										0.5,
										-0.5
									]
								}
							}
						},
						{
							"origin": [
								3.6,
								31.2,
								-1.8
							],
							"size": [
								0.8,
								3,
								0.5
							],
							"uv": {
								"north": {
									"uv": [
										10,
										2
									],
									"uv_size": [
										1,
										3
									]
								},
								"east": {
									"uv": [
										18,
										19
									],
									"uv_size": [
										0.5,
										3
									]
								},
								"south": {
									"uv": [
										10,
										7
									],
									"uv_size": [
										1,
										3
									]
								},
								"west": {
									"uv": [
										19,
										19
									],
									"uv_size": [
										0.5,
										3
									]
								},
								"up": {
									"uv": [
										5,
										22
									],
									"uv_size": [
										1,
										0.5
									]
								},
								"down": {
									"uv": [
										22,
										5.5
									],
									"uv_size": [
										1,
										-0.5
									]
								}
							}
						},
						{
							"origin": [
								3.6,
								34.2,
								-1.8
							],
							"size": [
								0.6,
								0.6,
								0.5
							],
							"uv": {
								"north": {
									"uv": [
										23,
										9
									],
									"uv_size": [
										0.5,
										0.5
									]
								},
								"east": {
									"uv": [
										10,
										23
									],
									"uv_size": [
										0.5,
										0.5
									]
								},
								"south": {
									"uv": [
										23,
										10
									],
									"uv_size": [
										0.5,
										0.5
									]
								},
								"west": {
									"uv": [
										11,
										23
									],
									"uv_size": [
										0.5,
										0.5
									]
								},
								"up": {
									"uv": [
										23,
										11
									],
									"uv_size": [
										0.5,
										0.5
									]
								},
								"down": {
									"uv": [
										12,
										23.5
									],
									"uv_size": [
										0.5,
										-0.5
									]
								}
							}
						},
						{
							"origin": [
								2.6,
								31.2,
								-1.8
							],
							"size": [
								1,
								3.6,
								0.6
							],
							"uv": {
								"north": {
									"uv": [
										4,
										8
									],
									"uv_size": [
										1,
										3.5
									]
								},
								"east": {
									"uv": [
										10,
										18
									],
									"uv_size": [
										0.5,
										3.5
									]
								},
								"south": {
									"uv": [
										6,
										8
									],
									"uv_size": [
										1,
										3.5
									]
								},
								"west": {
									"uv": [
										11,
										18
									],
									"uv_size": [
										0.5,
										3.5
									]
								},
								"up": {
									"uv": [
										22,
										6
									],
									"uv_size": [
										1,
										0.5
									]
								},
								"down": {
									"uv": [
										22,
										7.5
									],
									"uv_size": [
										1,
										-0.5
									]
								}
							}
						},
						{
							"origin": [
								2.7,
								34.8,
								-1.8
							],
							"size": [
								0.8,
								0.8,
								0.3
							],
							"uv": {
								"north": {
									"uv": [
										18,
										17
									],
									"uv_size": [
										1,
										1
									]
								},
								"east": {
									"uv": [
										8,
										22
									],
									"uv_size": [
										0.5,
										1
									]
								},
								"south": {
									"uv": [
										4,
										20
									],
									"uv_size": [
										1,
										1
									]
								},
								"west": {
									"uv": [
										9,
										22
									],
									"uv_size": [
										0.5,
										1
									]
								},
								"up": {
									"uv": [
										22,
										9
									],
									"uv_size": [
										1,
										0.5
									]
								},
								"down": {
									"uv": [
										10,
										22.5
									],
									"uv_size": [
										1,
										-0.5
									]
								}
							}
						},
						{
							"origin": [
								1.8,
								31.2,
								-1.8
							],
							"size": [
								0.8,
								3,
								0.5
							],
							"uv": {
								"north": {
									"uv": [
										10,
										10
									],
									"uv_size": [
										1,
										3
									]
								},
								"east": {
									"uv": [
										20,
										0
									],
									"uv_size": [
										0.5,
										3
									]
								},
								"south": {
									"uv": [
										11,
										1
									],
									"uv_size": [
										1,
										3
									]
								},
								"west": {
									"uv": [
										3,
										20
									],
									"uv_size": [
										0.5,
										3
									]
								},
								"up": {
									"uv": [
										22,
										10
									],
									"uv_size": [
										1,
										0.5
									]
								},
								"down": {
									"uv": [
										11,
										22.5
									],
									"uv_size": [
										1,
										-0.5
									]
								}
							}
						},
						{
							"origin": [
								2,
								34.2,
								-1.8
							],
							"size": [
								0.6,
								0.6,
								0.5
							],
							"uv": {
								"north": {
									"uv": [
										23,
										12
									],
									"uv_size": [
										0.5,
										0.5
									]
								},
								"east": {
									"uv": [
										13,
										23
									],
									"uv_size": [
										0.5,
										0.5
									]
								},
								"south": {
									"uv": [
										23,
										13
									],
									"uv_size": [
										0.5,
										0.5
									]
								},
								"west": {
									"uv": [
										14,
										23
									],
									"uv_size": [
										0.5,
										0.5
									]
								},
								"up": {
									"uv": [
										23,
										14
									],
									"uv_size": [
										0.5,
										0.5
									]
								},
								"down": {
									"uv": [
										15,
										23.5
									],
									"uv_size": [
										0.5,
										-0.5
									]
								}
							}
						}
					]
				}
			]
		}
	]
}