{
	"format_version": "1.8.0",
	"geometry.human_miner": {
		"texturewidth": 128,
		"textureheight": 128,
		"visible_bounds_width": 3,
		"visible_bounds_height": 3,
		"visible_bounds_offset": [
			0,
			1.5,
			0
		],
		"bones": [
			{
				"name": "head",
				"pivot": [
					0,
					24,
					0
				],
				"cubes": [
					{
						"origin": [
							-4,
							24,
							-4
						],
						"size": [
							8,
							8,
							8
						],
						"uv": [
							0,
							14
						]
					},
					{
						"origin": [
							-4,
							24,
							-4
						],
						"size": [
							8,
							8,
							8
						],
						"uv": [
							0,
							14
						],
						"inflate": 0.2
					}
				]
			},
			{
				"name": "body",
				"pivot": [
					0,
					0,
					0
				],
				"cubes": [
					{
						"origin": [
							-4,
							12,
							-2
						],
						"size": [
							8,
							12,
							4
						],
						"uv": [
							33,
							14
						]
					},
					{
						"origin": [
							-4,
							12,
							-2
						],
						"size": [
							8,
							12,
							4
						],
						"uv": [
							33,
							14
						],
						"inflate": 0.2
					}
				]
			},
			{
				"name": "arms",
				"pivot": [
					0,
					22,
					0
				],
				"cubes": [
					{
						"origin": [
							-8,
							12,
							-2
						],
						"size": [
							4,
							12,
							4
						],
						"uv": [
							0,
							56
						]
					},
					{
						"origin": [
							-8,
							12,
							-2
						],
						"size": [
							4,
							12,
							4
						],
						"uv": [
							0,
							56
						],
						"inflate": 0.2
					},
					{
						"origin": [
							4,
							12,
							-2
						],
						"size": [
							4,
							12,
							4
						],
						"uv": [
							58,
							13
						]
					},
					{
						"origin": [
							4,
							12,
							-2
						],
						"size": [
							4,
							12,
							4
						],
						"uv": [
							58,
							13
						],
						"inflate": 0.2
					}
				]
			},
			{
				"name": "leg0",
				"pivot": [
					-2,
					12,
					0
				],
				"cubes": [
					{
						"origin": [
							-4,
							0,
							-2
						],
						"size": [
							4,
							12,
							4
						],
						"uv": [
							25,
							43
						]
					},
					{
						"origin": [
							-4,
							0,
							-2
						],
						"size": [
							4,
							12,
							4
						],
						"uv": [
							25,
							43
						],
						"inflate": 0.2
					}
				]
			},
			{
				"name": "leg1",
				"pivot": [
					2,
					12,
					0
				],
				"cubes": [
					{
						"origin": [
							0,
							0,
							-2
						],
						"size": [
							4,
							12,
							4
						],
						"uv": [
							42,
							43
						]
					},
					{
						"origin": [
							0,
							0,
							-2
						],
						"size": [
							4,
							12,
							4
						],
						"uv": [
							42,
							43
						],
						"inflate": 0.2
					}
				]
			}
		]
	}
}