{
	"format_version": "1.12.0",
	"minecraft:geometry": [
		{
			"description": {
				"identifier": "geometry.miner_v2",
				"texture_width": 128,
				"texture_height": 128,
				"visible_bounds_width": 3,
				"visible_bounds_height": 3.5,
				"visible_bounds_offset": [
					0,
					1.25,
					0
				]
			},
			"bones": [
				{
					"name": "head",
					"pivot": [
						0,
						24,
						0
					],
					"cubes": [
						{
							"origin": [
								-4,
								24,
								-4
							],
							"size": [
								8,
								8,
								8
							],
							"uv": [
								0,
								0
							]
						},
						{
							"origin": [
								-4,
								24,
								-4
							],
							"size": [
								8,
								8,
								8
							],
							"inflate": 0.5,
							"uv": [
								0,
								17
							]
						}
					]
				},
				{
					"name": "helmet",
					"parent": "head",
					"pivot": [
						0,
						24,
						0
					],
					"cubes": [
						{
							"origin": [
								-4.6,
								32,
								-5
							],
							"size": [
								9.2,
								0.7,
								9.7
							],
							"uv": {
								"north": {
									"uv": [
										43,
										68
									],
									"uv_size": [
										9,
										1
									]
								},
								"east": {
									"uv": [
										28,
										68
									],
									"uv_size": [
										10,
										1
									]
								},
								"south": {
									"uv": [
										68,
										52
									],
									"uv_size": [
										9,
										1
									]
								},
								"west": {
									"uv": [
										68,
										28
									],
									"uv_size": [
										10,
										1
									]
								},
								"up": {
									"uv": [
										58,
										0
									],
									"uv_size": [
										9,
										10
									]
								},
								"down": {
									"uv": [
										58,
										21
									],
									"uv_size": [
										9,
										-10
									]
								}
							}
						},
						{
							"origin": [
								-2.6,
								32,
								-5.7
							],
							"size": [
								5.2,
								0.7,
								0.7
							],
							"uv": {
								"north": {
									"uv": [
										72,
										70
									],
									"uv_size": [
										5,
										1
									]
								},
								"east": {
									"uv": [
										47,
										77
									],
									"uv_size": [
										1,
										1
									]
								},
								"south": {
									"uv": [
										72,
										72
									],
									"uv_size": [
										5,
										1
									]
								},
								"west": {
									"uv": [
										49,
										77
									],
									"uv_size": [
										1,
										1
									]
								},
								"up": {
									"uv": [
										8,
										73
									],
									"uv_size": [
										5,
										1
									]
								},
								"down": {
									"uv": [
										14,
										74
									],
									"uv_size": [
										5,
										-1
									]
								}
							}
						},
						{
							"origin": [
								-3.6,
								31.3,
								-6.7
							],
							"size": [
								7.2,
								0.7,
								1.7
							],
							"uv": {
								"north": {
									"uv": [
										0,
										72
									],
									"uv_size": [
										7,
										1
									]
								},
								"east": {
									"uv": [
										51,
										74
									],
									"uv_size": [
										2,
										1
									]
								},
								"south": {
									"uv": [
										28,
										72
									],
									"uv_size": [
										7,
										1
									]
								},
								"west": {
									"uv": [
										69,
										74
									],
									"uv_size": [
										2,
										1
									]
								},
								"up": {
									"uv": [
										68,
										22
									],
									"uv_size": [
										7,
										2
									]
								},
								"down": {
									"uv": [
										68,
										27
									],
									"uv_size": [
										7,
										-2
									]
								}
							}
						},
						{
							"origin": [
								-4.5,
								31.3,
								-5.7
							],
							"size": [
								9,
								0.7,
								0.7
							],
							"uv": {
								"north": {
									"uv": [
										70,
										44
									],
									"uv_size": [
										9,
										1
									]
								},
								"east": {
									"uv": [
										77,
										76
									],
									"uv_size": [
										1,
										1
									]
								},
								"south": {
									"uv": [
										70,
										46
									],
									"uv_size": [
										9,
										1
									]
								},
								"west": {
									"uv": [
										78,
										0
									],
									"uv_size": [
										1,
										1
									]
								},
								"up": {
									"uv": [
										70,
										48
									],
									"uv_size": [
										9,
										1
									]
								},
								"down": {
									"uv": [
										70,
										51
									],
									"uv_size": [
										9,
										-1
									]
								}
							}
						},
						{
							"origin": [
								-3.6,
								31,
								-7.7
							],
							"size": [
								7.2,
								0.7,
								2.7
							],
							"uv": {
								"north": {
									"uv": [
										72,
										32
									],
									"uv_size": [
										7,
										1
									]
								},
								"east": {
									"uv": [
										31,
										74
									],
									"uv_size": [
										3,
										1
									]
								},
								"south": {
									"uv": [
										72,
										34
									],
									"uv_size": [
										7,
										1
									]
								},
								"west": {
									"uv": [
										74,
										36
									],
									"uv_size": [
										3,
										1
									]
								},
								"up": {
									"uv": [
										0,
										68
									],
									"uv_size": [
										7,
										3
									]
								},
								"down": {
									"uv": [
										68,
										3
									],
									"uv_size": [
										7,
										-3
									]
								}
							}
						},
						{
							"origin": [
								-4.6,
								31,
								-6.9
							],
							"size": [
								9.2,
								0.7,
								1.9
							],
							"uv": {
								"north": {
									"uv": [
										70,
										42
									],
									"uv_size": [
										9,
										1
									]
								},
								"east": {
									"uv": [
										72,
										74
									],
									"uv_size": [
										2,
										1
									]
								},
								"south": {
									"uv": [
										43,
										70
									],
									"uv_size": [
										9,
										1
									]
								},
								"west": {
									"uv": [
										8,
										75
									],
									"uv_size": [
										2,
										1
									]
								},
								"up": {
									"uv": [
										68,
										13
									],
									"uv_size": [
										9,
										2
									]
								},
								"down": {
									"uv": [
										68,
										18
									],
									"uv_size": [
										9,
										-2
									]
								}
							}
						},
						{
							"origin": [
								-4.8,
								30,
								-5
							],
							"size": [
								0.4,
								2,
								9.9
							],
							"uv": {
								"north": {
									"uv": [
										6,
										74
									],
									"uv_size": [
										1,
										2
									]
								},
								"east": {
									"uv": [
										68,
										4
									],
									"uv_size": [
										10,
										2
									]
								},
								"south": {
									"uv": [
										74,
										38
									],
									"uv_size": [
										1,
										2
									]
								},
								"west": {
									"uv": [
										68,
										7
									],
									"uv_size": [
										10,
										2
									]
								},
								"up": {
									"uv": [
										68,
										30
									],
									"uv_size": [
										1,
										10
									]
								},
								"down": {
									"uv": [
										39,
										78
									],
									"uv_size": [
										1,
										-10
									]
								}
							}
						},
						{
							"origin": [
								-4.8,
								29,
								-4
							],
							"size": [
								0.4,
								1,
								8.9
							],
							"uv": {
								"north": {
									"uv": [
										73,
										76
									],
									"uv_size": [
										1,
										1
									]
								},
								"east": {
									"uv": [
										68,
										56
									],
									"uv_size": [
										9,
										1
									]
								},
								"south": {
									"uv": [
										75,
										76
									],
									"uv_size": [
										1,
										1
									]
								},
								"west": {
									"uv": [
										68,
										58
									],
									"uv_size": [
										9,
										1
									]
								},
								"up": {
									"uv": [
										68,
										60
									],
									"uv_size": [
										1,
										9
									]
								},
								"down": {
									"uv": [
										63,
										77
									],
									"uv_size": [
										1,
										-9
									]
								}
							}
						},
						{
							"origin": [
								4.4,
								29,
								-4
							],
							"size": [
								0.4,
								1,
								8.9
							],
							"uv": {
								"north": {
									"uv": [
										4,
										77
									],
									"uv_size": [
										1,
										1
									]
								},
								"east": {
									"uv": [
										28,
										70
									],
									"uv_size": [
										9,
										1
									]
								},
								"south": {
									"uv": [
										6,
										77
									],
									"uv_size": [
										1,
										1
									]
								},
								"west": {
									"uv": [
										70,
										30
									],
									"uv_size": [
										9,
										1
									]
								},
								"up": {
									"uv": [
										65,
										68
									],
									"uv_size": [
										1,
										9
									]
								},
								"down": {
									"uv": [
										70,
										41
									],
									"uv_size": [
										1,
										-9
									]
								}
							}
						},
						{
							"origin": [
								-4.7,
								28,
								-2
							],
							"size": [
								0.4,
								1,
								6.9
							],
							"uv": {
								"north": {
									"uv": [
										0,
										77
									],
									"uv_size": [
										1,
										1
									]
								},
								"east": {
									"uv": [
										70,
										62
									],
									"uv_size": [
										7,
										1
									]
								},
								"south": {
									"uv": [
										2,
										77
									],
									"uv_size": [
										1,
										1
									]
								},
								"west": {
									"uv": [
										70,
										64
									],
									"uv_size": [
										7,
										1
									]
								},
								"up": {
									"uv": [
										70,
										66
									],
									"uv_size": [
										1,
										7
									]
								},
								"down": {
									"uv": [
										67,
										77
									],
									"uv_size": [
										1,
										-7
									]
								}
							}
						},
						{
							"origin": [
								4.3,
								28,
								-2
							],
							"size": [
								0.4,
								1,
								6.9
							],
							"uv": {
								"north": {
									"uv": [
										8,
										77
									],
									"uv_size": [
										1,
										1
									]
								},
								"east": {
									"uv": [
										8,
										71
									],
									"uv_size": [
										7,
										1
									]
								},
								"south": {
									"uv": [
										15,
										77
									],
									"uv_size": [
										1,
										1
									]
								},
								"west": {
									"uv": [
										16,
										71
									],
									"uv_size": [
										7,
										1
									]
								},
								"up": {
									"uv": [
										24,
										71
									],
									"uv_size": [
										1,
										7
									]
								},
								"down": {
									"uv": [
										26,
										78
									],
									"uv_size": [
										1,
										-7
									]
								}
							}
						},
						{
							"origin": [
								4.2,
								27,
								0
							],
							"size": [
								0.4,
								1,
								4.9
							],
							"uv": {
								"north": {
									"uv": [
										77,
										19
									],
									"uv_size": [
										1,
										1
									]
								},
								"east": {
									"uv": [
										43,
										72
									],
									"uv_size": [
										5,
										1
									]
								},
								"south": {
									"uv": [
										28,
										77
									],
									"uv_size": [
										1,
										1
									]
								},
								"west": {
									"uv": [
										49,
										72
									],
									"uv_size": [
										5,
										1
									]
								},
								"up": {
									"uv": [
										55,
										72
									],
									"uv_size": [
										1,
										5
									]
								},
								"down": {
									"uv": [
										57,
										77
									],
									"uv_size": [
										1,
										-5
									]
								}
							}
						},
						{
							"origin": [
								-4.6,
								27,
								0
							],
							"size": [
								0.4,
								1,
								4.9
							],
							"uv": {
								"north": {
									"uv": [
										43,
										77
									],
									"uv_size": [
										1,
										1
									]
								},
								"east": {
									"uv": [
										72,
										66
									],
									"uv_size": [
										5,
										1
									]
								},
								"south": {
									"uv": [
										45,
										77
									],
									"uv_size": [
										1,
										1
									]
								},
								"west": {
									"uv": [
										72,
										68
									],
									"uv_size": [
										5,
										1
									]
								},
								"up": {
									"uv": [
										59,
										72
									],
									"uv_size": [
										1,
										5
									]
								},
								"down": {
									"uv": [
										61,
										77
									],
									"uv_size": [
										1,
										-5
									]
								}
							}
						},
						{
							"origin": [
								4.4,
								30,
								-5
							],
							"size": [
								0.4,
								2,
								9.9
							],
							"uv": {
								"north": {
									"uv": [
										43,
										74
									],
									"uv_size": [
										1,
										2
									]
								},
								"east": {
									"uv": [
										8,
										68
									],
									"uv_size": [
										10,
										2
									]
								},
								"south": {
									"uv": [
										45,
										74
									],
									"uv_size": [
										1,
										2
									]
								},
								"west": {
									"uv": [
										68,
										10
									],
									"uv_size": [
										10,
										2
									]
								},
								"up": {
									"uv": [
										41,
										68
									],
									"uv_size": [
										1,
										10
									]
								},
								"down": {
									"uv": [
										68,
										51
									],
									"uv_size": [
										1,
										-10
									]
								}
							}
						},
						{
							"origin": [
								-4,
								25,
								4.5
							],
							"size": [
								8,
								2,
								0.4
							],
							"uv": {
								"north": {
									"uv": [
										19,
										68
									],
									"uv_size": [
										8,
										2
									]
								},
								"east": {
									"uv": [
										47,
										74
									],
									"uv_size": [
										1,
										2
									]
								},
								"south": {
									"uv": [
										68,
										19
									],
									"uv_size": [
										8,
										2
									]
								},
								"west": {
									"uv": [
										49,
										74
									],
									"uv_size": [
										1,
										2
									]
								},
								"up": {
									"uv": [
										53,
										70
									],
									"uv_size": [
										8,
										1
									]
								},
								"down": {
									"uv": [
										70,
										61
									],
									"uv_size": [
										8,
										-1
									]
								}
							}
						},
						{
							"origin": [
								-4.5,
								27,
								4.5
							],
							"size": [
								9,
								5,
								0.5
							],
							"uv": {
								"north": {
									"uv": [
										58,
										22
									],
									"uv_size": [
										9,
										5
									]
								},
								"east": {
									"uv": [
										36,
										72
									],
									"uv_size": [
										1,
										5
									]
								},
								"south": {
									"uv": [
										58,
										28
									],
									"uv_size": [
										9,
										5
									]
								},
								"west": {
									"uv": [
										72,
										36
									],
									"uv_size": [
										1,
										5
									]
								},
								"up": {
									"uv": [
										53,
										68
									],
									"uv_size": [
										9,
										1
									]
								},
								"down": {
									"uv": [
										68,
										55
									],
									"uv_size": [
										9,
										-1
									]
								}
							}
						},
						{
							"origin": [
								-1,
								32.7,
								-5
							],
							"size": [
								2,
								2,
								0.4
							],
							"uv": {
								"north": {
									"uv": [
										20,
										73
									],
									"uv_size": [
										2,
										2
									]
								},
								"east": {
									"uv": [
										11,
										75
									],
									"uv_size": [
										1,
										2
									]
								},
								"south": {
									"uv": [
										0,
										74
									],
									"uv_size": [
										2,
										2
									]
								},
								"west": {
									"uv": [
										13,
										75
									],
									"uv_size": [
										1,
										2
									]
								},
								"up": {
									"uv": [
										15,
										75
									],
									"uv_size": [
										2,
										1
									]
								},
								"down": {
									"uv": [
										75,
										75
									],
									"uv_size": [
										2,
										-1
									]
								}
							}
						},
						{
							"origin": [
								-1,
								32.7,
								-5.4
							],
							"size": [
								0.3,
								2,
								0.4
							],
							"uv": {
								"north": {
									"uv": [
										76,
										24
									],
									"uv_size": [
										1,
										2
									]
								},
								"east": {
									"uv": [
										31,
										76
									],
									"uv_size": [
										1,
										2
									]
								},
								"south": {
									"uv": [
										33,
										76
									],
									"uv_size": [
										1,
										2
									]
								},
								"west": {
									"uv": [
										76,
										38
									],
									"uv_size": [
										1,
										2
									]
								},
								"up": {
									"uv": [
										78,
										2
									],
									"uv_size": [
										1,
										1
									]
								},
								"down": {
									"uv": [
										10,
										79
									],
									"uv_size": [
										1,
										-1
									]
								}
							}
						},
						{
							"origin": [
								0.7,
								32.7,
								-5.4
							],
							"size": [
								0.3,
								2,
								0.4
							],
							"uv": {
								"north": {
									"uv": [
										51,
										76
									],
									"uv_size": [
										1,
										2
									]
								},
								"east": {
									"uv": [
										53,
										76
									],
									"uv_size": [
										1,
										2
									]
								},
								"south": {
									"uv": [
										69,
										76
									],
									"uv_size": [
										1,
										2
									]
								},
								"west": {
									"uv": [
										71,
										76
									],
									"uv_size": [
										1,
										2
									]
								},
								"up": {
									"uv": [
										12,
										78
									],
									"uv_size": [
										1,
										1
									]
								},
								"down": {
									"uv": [
										78,
										14
									],
									"uv_size": [
										1,
										-1
									]
								}
							}
						},
						{
							"origin": [
								-0.7,
								32.7,
								-5.4
							],
							"size": [
								1.4,
								0.3,
								0.4
							],
							"uv": {
								"north": {
									"uv": [
										78,
										15
									],
									"uv_size": [
										1,
										1
									]
								},
								"east": {
									"uv": [
										17,
										78
									],
									"uv_size": [
										1,
										1
									]
								},
								"south": {
									"uv": [
										78,
										17
									],
									"uv_size": [
										1,
										1
									]
								},
								"west": {
									"uv": [
										19,
										78
									],
									"uv_size": [
										1,
										1
									]
								},
								"up": {
									"uv": [
										21,
										78
									],
									"uv_size": [
										1,
										1
									]
								},
								"down": {
									"uv": [
										78,
										25
									],
									"uv_size": [
										1,
										-1
									]
								}
							}
						},
						{
							"origin": [
								-0.7,
								34.4,
								-5.4
							],
							"size": [
								1.4,
								0.3,
								0.4
							],
							"uv": {
								"north": {
									"uv": [
										78,
										26
									],
									"uv_size": [
										1,
										1
									]
								},
								"east": {
									"uv": [
										35,
										78
									],
									"uv_size": [
										1,
										1
									]
								},
								"south": {
									"uv": [
										78,
										36
									],
									"uv_size": [
										1,
										1
									]
								},
								"west": {
									"uv": [
										37,
										78
									],
									"uv_size": [
										1,
										1
									]
								},
								"up": {
									"uv": [
										78,
										38
									],
									"uv_size": [
										1,
										1
									]
								},
								"down": {
									"uv": [
										78,
										41
									],
									"uv_size": [
										1,
										-1
									]
								}
							}
						},
						{
							"origin": [
								-1,
								32.7,
								-4.6
							],
							"size": [
								2,
								1.6,
								0.4
							],
							"uv": {
								"north": {
									"uv": [
										3,
										74
									],
									"uv_size": [
										2,
										2
									]
								},
								"east": {
									"uv": [
										18,
										75
									],
									"uv_size": [
										1,
										2
									]
								},
								"south": {
									"uv": [
										28,
										74
									],
									"uv_size": [
										2,
										2
									]
								},
								"west": {
									"uv": [
										76,
										0
									],
									"uv_size": [
										1,
										2
									]
								},
								"up": {
									"uv": [
										20,
										76
									],
									"uv_size": [
										2,
										1
									]
								},
								"down": {
									"uv": [
										76,
										23
									],
									"uv_size": [
										2,
										-1
									]
								}
							}
						}
					]
				},
				{
					"name": "body",
					"pivot": [
						0,
						24,
						0
					],
					"cubes": [
						{
							"origin": [
								-4,
								12,
								-2
							],
							"size": [
								8,
								12,
								4
							],
							"uv": [
								33,
								0
							]
						},
						{
							"origin": [
								-4,
								12,
								-2
							],
							"size": [
								8,
								12,
								4
							],
							"inflate": 0.25,
							"uv": [
								33,
								17
							]
						}
					]
				},
				{
					"name": "arms",
					"pivot": [
						-5,
						22,
						0
					],
					"cubes": [
						{
							"origin": [
								-8,
								12,
								-2
							],
							"size": [
								4,
								12,
								4
							],
							"uv": [
								0,
								34
							]
						},
						{
							"origin": [
								-8,
								12,
								-2
							],
							"size": [
								4,
								12,
								4
							],
							"inflate": 0.25,
							"uv": [
								17,
								34
							]
						},
						{
							"origin": [
								4,
								12,
								-2
							],
							"size": [
								4,
								12,
								4
							],
							"inflate": 0.25,
							"uv": [
								0,
								51
							]
						},
						{
							"origin": [
								4,
								12,
								-2
							],
							"size": [
								4,
								12,
								4
							],
							"uv": [
								34,
								34
							]
						}
					]
				},
				{
					"name": "leg0",
					"pivot": [
						-1.9,
						12,
						0
					],
					"cubes": [
						{
							"origin": [
								-3.9,
								0,
								-2
							],
							"size": [
								4,
								12,
								4
							],
							"uv": [
								17,
								51
							]
						},
						{
							"origin": [
								-3.9,
								0,
								-2
							],
							"size": [
								4,
								12,
								4
							],
							"inflate": 0.25,
							"uv": [
								34,
								51
							]
						}
					]
				},
				{
					"name": "leg1",
					"pivot": [
						1.9,
						12,
						0
					],
					"cubes": [
						{
							"origin": [
								-0.1,
								0,
								-2
							],
							"size": [
								4,
								12,
								4
							],
							"uv": [
								51,
								34
							]
						},
						{
							"origin": [
								-0.1,
								0,
								-2
							],
							"size": [
								4,
								12,
								4
							],
							"inflate": 0.25,
							"uv": [
								51,
								51
							]
						}
					]
				}
			]
		}
	]
}