{
	"format_version": "1.12.0",
	"minecraft:geometry": [
		{
			"description": {
				"identifier": "geometry.netheriteDchest",
				"texture_width": 64,
				"texture_height": 64,
				"visible_bounds_width": 3,
				"visible_bounds_height": 3.5,
				"visible_bounds_offset": [
					0,
					1.25,
					0
				]
			},
			"bones": [
				{
					"name": "Body",
					"pivot": [
						0,
						24,
						0
					],
					"cubes": [
						{
							"origin": [
								-4,
								12,
								-2
							],
							"size": [
								8,
								12,
								4
							],
							"inflate": 0.26,
							"uv": [
								0,
								0
							]
						},
						{
							"origin": [
								1,
								22.5,
								-2.6
							],
							"size": [
								2,
								2,
								5
							],
							"uv": [
								17,
								47
							]
						},
						{
							"origin": [
								-3,
								22.5,
								-2.6
							],
							"size": [
								2,
								2,
								5
							],
							"uv": [
								47,
								38
							]
						},
						{
							"origin": [
								-1,
								17.5,
								1.4
							],
							"size": [
								2,
								6,
								1
							],
							"uv": [
								49,
								24
							]
						},
						{
							"origin": [
								-1,
								12.5,
								-2.6
							],
							"size": [
								2,
								11,
								1
							],
							"uv": [
								32,
								48
							]
						},
						{
							"origin": [
								-3,
								14.5,
								-2.6
							],
							"size": [
								2,
								7,
								1
							],
							"uv": [
								39,
								48
							]
						},
						{
							"origin": [
								1,
								14.5,
								-2.6
							],
							"size": [
								2,
								7,
								1
							],
							"uv": [
								49,
								15
							]
						},
						{
							"origin": [
								1,
								19.5,
								1.4
							],
							"size": [
								3,
								2,
								1
							],
							"uv": [
								49,
								32
							]
						},
						{
							"origin": [
								-4,
								19.5,
								1.4
							],
							"size": [
								3,
								2,
								1
							],
							"uv": [
								53,
								8
							]
						},
						{
							"origin": [
								-4,
								15.5,
								1.4
							],
							"size": [
								3,
								2,
								1
							],
							"uv": [
								46,
								54
							]
						},
						{
							"origin": [
								1,
								15.5,
								1.4
							],
							"size": [
								3,
								2,
								1
							],
							"uv": [
								11,
								55
							]
						}
					]
				},
				{
					"name": "RightArm",
					"pivot": [
						-5,
						22,
						0
					],
					"rotation": [
						-10,
						0,
						0
					],
					"cubes": [
						{
							"origin": [
								-8,
								12,
								-2
							],
							"size": [
								4,
								12,
								4
							],
							"inflate": 0.26,
							"uv": [
								17,
								17
							]
						},
						{
							"origin": [
								-6,
								22,
								-3
							],
							"size": [
								1,
								3,
								6
							],
							"uv": [
								32,
								38
							]
						},
						{
							"origin": [
								-5,
								24,
								-3
							],
							"size": [
								1,
								1,
								6
							],
							"uv": [
								47,
								46
							]
						},
						{
							"origin": [
								-7,
								19,
								-3
							],
							"size": [
								1,
								6,
								6
							],
							"uv": [
								17,
								34
							]
						},
						{
							"origin": [
								-9,
								17,
								-3
							],
							"size": [
								2,
								8,
								6
							],
							"uv": [
								0,
								34
							]
						},
						{
							"origin": [
								-9,
								25,
								-2
							],
							"size": [
								1,
								2,
								4
							],
							"uv": [
								0,
								49
							]
						},
						{
							"origin": [
								-10,
								27,
								-1
							],
							"size": [
								1,
								2,
								2
							],
							"uv": [
								55,
								54
							]
						}
					]
				},
				{
					"name": "LeftArm",
					"pivot": [
						5,
						22,
						0
					],
					"rotation": [
						12,
						0,
						0
					],
					"cubes": [
						{
							"origin": [
								4,
								12,
								-2
							],
							"size": [
								4,
								12,
								4
							],
							"inflate": 0.26,
							"uv": [
								0,
								17
							]
						},
						{
							"origin": [
								7,
								17,
								-3
							],
							"size": [
								2,
								8,
								6
							],
							"uv": [
								25,
								0
							]
						},
						{
							"origin": [
								8,
								25,
								-2
							],
							"size": [
								1,
								2,
								4
							],
							"uv": [
								42,
								8
							]
						},
						{
							"origin": [
								9,
								27,
								-1
							],
							"size": [
								1,
								2,
								2
							],
							"uv": [
								20,
								55
							]
						},
						{
							"origin": [
								6,
								19,
								-3
							],
							"size": [
								1,
								6,
								6
							],
							"uv": [
								34,
								15
							]
						},
						{
							"origin": [
								4,
								24,
								-3
							],
							"size": [
								1,
								1,
								6
							],
							"uv": [
								42,
								0
							]
						},
						{
							"origin": [
								5,
								22,
								-3
							],
							"size": [
								1,
								3,
								6
							],
							"uv": [
								34,
								28
							]
						}
					]
				}
			]
		}
	]
}