{
	"format_version": "1.12.0",
	"minecraft:geometry": [
		{
			"description": {
				"identifier": "geometry.netheriteDhelmet",
				"texture_width": 128,
				"texture_height": 128,
				"visible_bounds_width": 3,
				"visible_bounds_height": 4.5,
				"visible_bounds_offset": [
					0,
					1.75,
					0
				]
			},
			"bones": [
				{
					"name": "Head",
					"pivot": [
						0,
						24,
						0
					],
					"rotation": [
						-6,
						5,
						0
					],
					"cubes": [
						{
							"origin": [
								-4,
								24,
								-4
							],
							"size": [
								8,
								8,
								8
							],
							"inflate": 0.51,
							"uv": [
								0,
								0
							]
						},
						{
							"origin": [
								0,
								33,
								-5
							],
							"size": [
								0,
								4,
								10
							],
							"uv": [
								0,
								48
							]
						},
						{
							"origin": [
								3,
								29,
								-5
							],
							"size": [
								2,
								4,
								10
							],
							"uv": [
								0,
								33
							]
						},
						{
							"origin": [
								4,
								31,
								-1
							],
							"size": [
								2,
								4,
								2
							],
							"pivot": [
								5,
								33,
								0
							],
							"rotation": [
								0,
								0,
								32.5
							],
							"uv": [
								50,
								51
							]
						},
						{
							"origin": [
								5.48055,
								34.35187,
								-1
							],
							"size": [
								2,
								3,
								2
							],
							"pivot": [
								6.48055,
								35.85187,
								0
							],
							"rotation": [
								0,
								0,
								17.5
							],
							"uv": [
								54,
								22
							]
						},
						{
							"origin": [
								6.48055,
								37.35187,
								-1
							],
							"size": [
								0,
								3,
								2
							],
							"pivot": [
								6.48055,
								35.85187,
								0
							],
							"rotation": [
								0,
								0,
								17.5
							],
							"uv": [
								31,
								55
							]
						},
						{
							"origin": [
								5.48055,
								37.35187,
								0
							],
							"size": [
								2,
								3,
								0
							],
							"pivot": [
								6.48055,
								35.85187,
								0
							],
							"rotation": [
								0,
								0,
								17.5
							],
							"uv": [
								59,
								51
							]
						},
						{
							"origin": [
								-5,
								29,
								-5
							],
							"size": [
								2,
								4,
								10
							],
							"uv": [
								33,
								0
							]
						},
						{
							"origin": [
								-7.48055,
								37.35187,
								0
							],
							"size": [
								2,
								3,
								0
							],
							"pivot": [
								-6.48055,
								35.85187,
								0
							],
							"rotation": [
								0,
								0,
								-17.5
							],
							"uv": [
								59,
								37
							]
						},
						{
							"origin": [
								-6,
								31,
								-1
							],
							"size": [
								2,
								4,
								2
							],
							"pivot": [
								-5,
								33,
								0
							],
							"rotation": [
								0,
								0,
								-32.5
							],
							"uv": [
								54,
								15
							]
						},
						{
							"origin": [
								-6.48055,
								37.35187,
								-1
							],
							"size": [
								0,
								3,
								2
							],
							"pivot": [
								-6.48055,
								35.85187,
								0
							],
							"rotation": [
								0,
								0,
								-17.5
							],
							"uv": [
								26,
								55
							]
						},
						{
							"origin": [
								-7.48055,
								34.35187,
								-1
							],
							"size": [
								2,
								3,
								2
							],
							"pivot": [
								-6.48055,
								35.85187,
								0
							],
							"rotation": [
								0,
								0,
								-17.5
							],
							"uv": [
								54,
								28
							]
						},
						{
							"origin": [
								-1,
								28,
								-5
							],
							"size": [
								2,
								5,
								10
							],
							"uv": [
								0,
								17
							]
						},
						{
							"origin": [
								-1,
								23,
								-5
							],
							"size": [
								2,
								3,
								10
							],
							"uv": [
								25,
								41
							]
						},
						{
							"origin": [
								-5,
								23,
								-5
							],
							"size": [
								4,
								1,
								10
							],
							"uv": [
								25,
								17
							]
						},
						{
							"origin": [
								1,
								23,
								-5
							],
							"size": [
								4,
								1,
								10
							],
							"uv": [
								25,
								29
							]
						},
						{
							"origin": [
								2,
								24,
								2
							],
							"size": [
								3,
								1,
								3
							],
							"uv": [
								50,
								41
							]
						},
						{
							"origin": [
								-5,
								24,
								2
							],
							"size": [
								3,
								1,
								3
							],
							"uv": [
								50,
								46
							]
						},
						{
							"origin": [
								-2,
								25,
								4
							],
							"size": [
								1,
								1,
								1
							],
							"uv": [
								41,
								61
							]
						},
						{
							"origin": [
								1,
								25,
								4
							],
							"size": [
								1,
								1,
								1
							],
							"uv": [
								46,
								61
							]
						},
						{
							"origin": [
								2,
								26,
								4
							],
							"size": [
								1,
								2,
								1
							],
							"uv": [
								60,
								55
							]
						},
						{
							"origin": [
								4,
								25,
								4
							],
							"size": [
								1,
								4,
								1
							],
							"uv": [
								36,
								55
							]
						},
						{
							"origin": [
								-5,
								25,
								4
							],
							"size": [
								1,
								4,
								1
							],
							"uv": [
								41,
								55
							]
						},
						{
							"origin": [
								-5,
								24,
								-4
							],
							"size": [
								1,
								5,
								1
							],
							"uv": [
								54,
								34
							]
						},
						{
							"origin": [
								4,
								24,
								-4
							],
							"size": [
								1,
								5,
								1
							],
							"uv": [
								21,
								55
							]
						},
						{
							"origin": [
								-5,
								25,
								1
							],
							"size": [
								1,
								4,
								1
							],
							"uv": [
								58,
								0
							]
						},
						{
							"origin": [
								4,
								25,
								1
							],
							"size": [
								1,
								4,
								1
							],
							"uv": [
								58,
								6
							]
						},
						{
							"origin": [
								-0.5,
								26,
								-5
							],
							"size": [
								1,
								2,
								1
							],
							"uv": [
								36,
								61
							]
						},
						{
							"origin": [
								-3,
								26,
								4
							],
							"size": [
								1,
								2,
								1
							],
							"uv": [
								60,
								59
							]
						},
						{
							"origin": [
								-2,
								27,
								4
							],
							"size": [
								1,
								2,
								1
							],
							"uv": [
								26,
								61
							]
						},
						{
							"origin": [
								1,
								27,
								4
							],
							"size": [
								1,
								2,
								1
							],
							"uv": [
								31,
								61
							]
						},
						{
							"origin": [
								2,
								29,
								4
							],
							"size": [
								1,
								1,
								1
							],
							"uv": [
								51,
								61
							]
						},
						{
							"origin": [
								-3,
								29,
								4
							],
							"size": [
								1,
								1,
								1
							],
							"uv": [
								21,
								62
							]
						},
						{
							"origin": [
								-3,
								29,
								-5
							],
							"size": [
								1,
								1,
								1
							],
							"uv": [
								0,
								63
							]
						},
						{
							"origin": [
								2,
								29,
								-5
							],
							"size": [
								1,
								1,
								1
							],
							"uv": [
								63,
								0
							]
						},
						{
							"origin": [
								1,
								28,
								-5
							],
							"size": [
								1,
								1,
								1
							],
							"uv": [
								63,
								3
							]
						},
						{
							"origin": [
								-2,
								28,
								-5
							],
							"size": [
								1,
								1,
								1
							],
							"uv": [
								5,
								63
							]
						},
						{
							"origin": [
								-2,
								31,
								-5
							],
							"size": [
								1,
								1,
								1
							],
							"uv": [
								63,
								6
							]
						},
						{
							"origin": [
								1,
								31,
								-5
							],
							"size": [
								1,
								1,
								1
							],
							"uv": [
								63,
								9
							]
						},
						{
							"origin": [
								2,
								32,
								-5
							],
							"size": [
								1,
								1,
								1
							],
							"uv": [
								10,
								63
							]
						},
						{
							"origin": [
								-3,
								32,
								-5
							],
							"size": [
								1,
								1,
								1
							],
							"uv": [
								15,
								63
							]
						},
						{
							"origin": [
								-3,
								32,
								0
							],
							"size": [
								2,
								1,
								1
							],
							"uv": [
								58,
								12
							]
						},
						{
							"origin": [
								1,
								32,
								0
							],
							"size": [
								2,
								1,
								1
							],
							"uv": [
								46,
								58
							]
						},
						{
							"origin": [
								1,
								32,
								4
							],
							"size": [
								2,
								1,
								1
							],
							"uv": [
								53,
								58
							]
						},
						{
							"origin": [
								-3,
								32,
								4
							],
							"size": [
								2,
								1,
								1
							],
							"uv": [
								59,
								34
							]
						}
					]
				}
			]
		}
	]
}