{
	"format_version": "1.12.0",
	"minecraft:geometry": [
		{
			"description": {
				"identifier": "geometry.rare_item_seller",
				"texture_width": 128,
				"texture_height": 128,
				"visible_bounds_width": 3,
				"visible_bounds_height": 3.5,
				"visible_bounds_offset": [
					0,
					1.25,
					0
				]
			},
			"bones": [
				{
					"name": "head",
					"pivot": [
						0,
						24,
						0
					],
					"cubes": [
						{
							"origin": [
								-4,
								24,
								-4
							],
							"size": [
								8,
								8,
								8
							],
							"uv": [
								0,
								0
							]
						},
						{
							"origin": [
								-4,
								24,
								-4
							],
							"size": [
								8,
								8,
								8
							],
							"inflate": 0.5,
							"uv": [
								32,
								0
							]
						},
						{
							"origin": [
								-3.3,
								26,
								-4.4
							],
							"size": [
								0.3,
								2,
								0.3
							],
							"uv": {
								"north": {
									"uv": [
										93,
										0
									],
									"uv_size": [
										1,
										2
									]
								},
								"east": {
									"uv": [
										92,
										0
									],
									"uv_size": [
										1,
										2
									]
								},
								"south": {
									"uv": [
										92,
										3
									],
									"uv_size": [
										1,
										2
									]
								},
								"west": {
									"uv": [
										93,
										3
									],
									"uv_size": [
										1,
										2
									]
								},
								"up": {
									"uv": [
										92,
										2
									],
									"uv_size": [
										1,
										1
									]
								},
								"down": {
									"uv": [
										93,
										3
									],
									"uv_size": [
										1,
										-1
									]
								}
							}
						},
						{
							"origin": [
								-1,
								26,
								-4.4
							],
							"size": [
								0.3,
								2,
								0.3
							],
							"uv": {
								"north": {
									"uv": [
										90,
										0
									],
									"uv_size": [
										1,
										2
									]
								},
								"east": {
									"uv": [
										91,
										3
									],
									"uv_size": [
										1,
										2
									]
								},
								"south": {
									"uv": [
										90,
										3
									],
									"uv_size": [
										1,
										2
									]
								},
								"west": {
									"uv": [
										91,
										0
									],
									"uv_size": [
										1,
										2
									]
								},
								"up": {
									"uv": [
										91,
										2
									],
									"uv_size": [
										1,
										1
									]
								},
								"down": {
									"uv": [
										90,
										3
									],
									"uv_size": [
										1,
										-1
									]
								}
							}
						},
						{
							"origin": [
								-3,
								25.7,
								-4.4
							],
							"size": [
								2,
								0.3,
								0.3
							],
							"uv": {
								"north": {
									"uv": [
										88,
										0
									],
									"uv_size": [
										2,
										1
									]
								},
								"east": {
									"uv": [
										87,
										4
									],
									"uv_size": [
										1,
										1
									]
								},
								"south": {
									"uv": [
										88,
										1
									],
									"uv_size": [
										2,
										1
									]
								},
								"west": {
									"uv": [
										86,
										4
									],
									"uv_size": [
										1,
										1
									]
								},
								"up": {
									"uv": [
										88,
										2
									],
									"uv_size": [
										2,
										1
									]
								},
								"down": {
									"uv": [
										88,
										4
									],
									"uv_size": [
										2,
										-1
									]
								}
							}
						},
						{
							"origin": [
								-4.1,
								25.7,
								-4.4
							],
							"size": [
								1.1,
								0.3,
								0.3
							],
							"pivot": [
								-3,
								25.85,
								-4.25
							],
							"rotation": [
								0,
								0,
								-27
							],
							"uv": {
								"north": {
									"uv": [
										88,
										6
									],
									"uv_size": [
										1,
										1
									]
								},
								"east": {
									"uv": [
										88,
										9
									],
									"uv_size": [
										1,
										1
									]
								},
								"south": {
									"uv": [
										91,
										9
									],
									"uv_size": [
										1,
										1
									]
								},
								"west": {
									"uv": [
										93,
										11
									],
									"uv_size": [
										1,
										1
									]
								},
								"up": {
									"uv": [
										92,
										11
									],
									"uv_size": [
										1,
										1
									]
								},
								"down": {
									"uv": [
										91,
										13
									],
									"uv_size": [
										1,
										-1
									]
								}
							}
						},
						{
							"origin": [
								-4.4,
								25.2,
								-4.4
							],
							"size": [
								0.5,
								0.3,
								0.3
							],
							"uv": {
								"north": {
									"uv": [
										91,
										5
									],
									"uv_size": [
										1,
										1
									]
								},
								"east": {
									"uv": [
										90,
										5
									],
									"uv_size": [
										1,
										1
									]
								},
								"south": {
									"uv": [
										92,
										5
									],
									"uv_size": [
										1,
										1
									]
								},
								"west": {
									"uv": [
										93,
										5
									],
									"uv_size": [
										1,
										1
									]
								},
								"up": {
									"uv": [
										90,
										6
									],
									"uv_size": [
										1,
										1
									]
								},
								"down": {
									"uv": [
										91,
										7
									],
									"uv_size": [
										1,
										-1
									]
								}
							}
						},
						{
							"origin": [
								-4.4,
								25.2,
								-4.2
							],
							"size": [
								0.3,
								0.3,
								1.2
							],
							"pivot": [
								-3.9,
								25.35,
								-4.15
							],
							"rotation": [
								-10,
								0,
								0
							],
							"uv": {
								"north": {
									"uv": [
										92,
										6
									],
									"uv_size": [
										1,
										1
									]
								},
								"east": {
									"uv": [
										93,
										6
									],
									"uv_size": [
										1,
										1
									]
								},
								"south": {
									"uv": [
										90,
										7
									],
									"uv_size": [
										1,
										1
									]
								},
								"west": {
									"uv": [
										91,
										7
									],
									"uv_size": [
										1,
										1
									]
								},
								"up": {
									"uv": [
										92,
										7
									],
									"uv_size": [
										1,
										1
									]
								},
								"down": {
									"uv": [
										93,
										8
									],
									"uv_size": [
										1,
										-1
									]
								}
							}
						},
						{
							"origin": [
								-4.4,
								25,
								-3
							],
							"size": [
								0.3,
								0.3,
								0.7
							],
							"uv": {
								"north": {
									"uv": [
										90,
										8
									],
									"uv_size": [
										1,
										1
									]
								},
								"east": {
									"uv": [
										91,
										8
									],
									"uv_size": [
										1,
										1
									]
								},
								"south": {
									"uv": [
										92,
										8
									],
									"uv_size": [
										1,
										1
									]
								},
								"west": {
									"uv": [
										93,
										8
									],
									"uv_size": [
										1,
										1
									]
								},
								"up": {
									"uv": [
										90,
										9
									],
									"uv_size": [
										1,
										1
									]
								},
								"down": {
									"uv": [
										92,
										10
									],
									"uv_size": [
										1,
										-1
									]
								}
							}
						},
						{
							"origin": [
								-4.4,
								24.7,
								-2.2
							],
							"size": [
								0.3,
								0.3,
								0.7
							],
							"pivot": [
								-3.9,
								24.85,
								-3.05
							],
							"rotation": [
								22.5,
								0,
								0
							],
							"uv": {
								"north": {
									"uv": [
										93,
										9
									],
									"uv_size": [
										1,
										1
									]
								},
								"east": {
									"uv": [
										90,
										10
									],
									"uv_size": [
										1,
										1
									]
								},
								"south": {
									"uv": [
										91,
										10
									],
									"uv_size": [
										1,
										1
									]
								},
								"west": {
									"uv": [
										92,
										10
									],
									"uv_size": [
										1,
										1
									]
								},
								"up": {
									"uv": [
										93,
										10
									],
									"uv_size": [
										1,
										1
									]
								},
								"down": {
									"uv": [
										90,
										12
									],
									"uv_size": [
										1,
										-1
									]
								}
							}
						},
						{
							"origin": [
								-4.4,
								25.4,
								-1.7
							],
							"size": [
								0.3,
								1.6,
								0.3
							],
							"pivot": [
								-3.9,
								25.85,
								-2.55
							],
							"rotation": [
								-0.5,
								0,
								0
							],
							"uv": {
								"north": {
									"uv": [
										89,
										9
									],
									"uv_size": [
										1,
										2
									]
								},
								"east": {
									"uv": [
										89,
										5
									],
									"uv_size": [
										1,
										2
									]
								},
								"south": {
									"uv": [
										88,
										7
									],
									"uv_size": [
										1,
										2
									]
								},
								"west": {
									"uv": [
										89,
										7
									],
									"uv_size": [
										1,
										2
									]
								},
								"up": {
									"uv": [
										91,
										11
									],
									"uv_size": [
										1,
										1
									]
								},
								"down": {
									"uv": [
										92,
										13
									],
									"uv_size": [
										1,
										-1
									]
								}
							}
						},
						{
							"origin": [
								-3,
								28,
								-4.4
							],
							"size": [
								2,
								0.3,
								0.3
							],
							"uv": {
								"north": {
									"uv": [
										88,
										4
									],
									"uv_size": [
										2,
										1
									]
								},
								"east": {
									"uv": [
										87,
										0
									],
									"uv_size": [
										1,
										1
									]
								},
								"south": {
									"uv": [
										86,
										3
									],
									"uv_size": [
										2,
										1
									]
								},
								"west": {
									"uv": [
										86,
										0
									],
									"uv_size": [
										1,
										1
									]
								},
								"up": {
									"uv": [
										86,
										2
									],
									"uv_size": [
										2,
										1
									]
								},
								"down": {
									"uv": [
										86,
										2
									],
									"uv_size": [
										2,
										-1
									]
								}
							}
						}
					]
				},
				{
					"name": "body",
					"pivot": [
						0,
						24,
						0
					],
					"cubes": [
						{
							"origin": [
								-4,
								12,
								-2
							],
							"size": [
								8,
								12,
								4
							],
							"uv": [
								0,
								16
							]
						},
						{
							"origin": [
								-4,
								12,
								-2
							],
							"size": [
								8,
								12,
								4
							],
							"inflate": 0.25,
							"uv": [
								24,
								16
							]
						}
					]
				},
				{
					"name": "backpack",
					"parent": "body",
					"pivot": [
						0,
						17,
						3
					],
					"cubes": [
						{
							"origin": [
								-4,
								13,
								2
							],
							"size": [
								8,
								4,
								4
							],
							"uv": {
								"north": {
									"uv": [
										4,
										116
									],
									"uv_size": [
										8,
										4
									]
								},
								"east": {
									"uv": [
										0,
										116
									],
									"uv_size": [
										4,
										4
									]
								},
								"south": {
									"uv": [
										4,
										120
									],
									"uv_size": [
										8,
										4
									]
								},
								"west": {
									"uv": [
										12,
										116
									],
									"uv_size": [
										4,
										4
									]
								},
								"up": {
									"uv": [
										12,
										116
									],
									"uv_size": [
										-8,
										-4
									]
								},
								"down": {
									"uv": [
										12,
										128
									],
									"uv_size": [
										-8,
										-4
									]
								}
							}
						},
						{
							"origin": [
								-4,
								14,
								6
							],
							"size": [
								8,
								1,
								1
							],
							"uv": {
								"north": {
									"uv": [
										13,
										125
									],
									"uv_size": [
										8,
										1
									]
								},
								"east": {
									"uv": [
										21,
										125
									],
									"uv_size": [
										1,
										1
									]
								},
								"south": {
									"uv": [
										13,
										126
									],
									"uv_size": [
										8,
										1
									]
								},
								"west": {
									"uv": [
										12,
										125
									],
									"uv_size": [
										1,
										1
									]
								},
								"up": {
									"uv": [
										21,
										125
									],
									"uv_size": [
										-8,
										-1
									]
								},
								"down": {
									"uv": [
										21,
										128
									],
									"uv_size": [
										-8,
										-1
									]
								}
							}
						},
						{
							"origin": [
								-4,
								20,
								5
							],
							"size": [
								8,
								1,
								1
							],
							"uv": {
								"north": {
									"uv": [
										13,
										121
									],
									"uv_size": [
										8,
										1
									]
								},
								"east": {
									"uv": [
										12,
										121
									],
									"uv_size": [
										1,
										1
									]
								},
								"south": {
									"uv": [
										13,
										122
									],
									"uv_size": [
										8,
										1
									]
								},
								"west": {
									"uv": [
										21,
										121
									],
									"uv_size": [
										1,
										1
									]
								},
								"up": {
									"uv": [
										21,
										121
									],
									"uv_size": [
										-8,
										-1
									]
								},
								"down": {
									"uv": [
										21,
										124
									],
									"uv_size": [
										-8,
										-1
									]
								}
							}
						},
						{
							"origin": [
								4,
								14,
								2
							],
							"size": [
								1,
								8,
								2
							],
							"uv": {
								"north": {
									"uv": [
										19,
										110
									],
									"uv_size": [
										1,
										8
									]
								},
								"east": {
									"uv": [
										16,
										110
									],
									"uv_size": [
										2,
										8
									]
								},
								"south": {
									"uv": [
										18,
										110
									],
									"uv_size": [
										1,
										8
									]
								},
								"west": {
									"uv": [
										20,
										110
									],
									"uv_size": [
										2,
										8
									]
								},
								"up": {
									"uv": [
										19,
										110
									],
									"uv_size": [
										-1,
										-2
									]
								},
								"down": {
									"uv": [
										19,
										120
									],
									"uv_size": [
										-1,
										-2
									]
								}
							}
						},
						{
							"origin": [
								-5,
								14,
								2
							],
							"size": [
								1,
								8,
								2
							],
							"uv": {
								"north": {
									"uv": [
										25,
										110
									],
									"uv_size": [
										1,
										8
									]
								},
								"east": {
									"uv": [
										22,
										110
									],
									"uv_size": [
										2,
										8
									]
								},
								"south": {
									"uv": [
										24,
										110
									],
									"uv_size": [
										1,
										8
									]
								},
								"west": {
									"uv": [
										26,
										110
									],
									"uv_size": [
										2,
										8
									]
								},
								"up": {
									"uv": [
										25,
										110
									],
									"uv_size": [
										-1,
										-2
									]
								},
								"down": {
									"uv": [
										25,
										120
									],
									"uv_size": [
										-1,
										-2
									]
								}
							}
						},
						{
							"origin": [
								-4,
								17,
								2
							],
							"size": [
								8,
								6,
								3
							],
							"uv": {
								"north": {
									"uv": [
										4,
										97
									],
									"uv_size": [
										8,
										6
									]
								},
								"east": {
									"uv": [
										1,
										97
									],
									"uv_size": [
										3,
										6
									]
								},
								"south": {
									"uv": [
										4,
										103
									],
									"uv_size": [
										8,
										6
									]
								},
								"west": {
									"uv": [
										12,
										97
									],
									"uv_size": [
										3,
										6
									]
								},
								"up": {
									"uv": [
										12,
										97
									],
									"uv_size": [
										-8,
										-3
									]
								},
								"down": {
									"uv": [
										12,
										112
									],
									"uv_size": [
										-8,
										-3
									]
								}
							}
						}
					]
				},
				{
					"name": "arms",
					"pivot": [
						-5,
						22,
						0
					],
					"cubes": [
						{
							"origin": [
								-8,
								12,
								-2
							],
							"size": [
								4,
								12,
								4
							],
							"uv": [
								0,
								32
							]
						},
						{
							"origin": [
								-8,
								12,
								-2
							],
							"size": [
								4,
								12,
								4
							],
							"inflate": 0.25,
							"uv": [
								16,
								32
							]
						},
						{
							"origin": [
								4,
								12,
								-2
							],
							"size": [
								4,
								12,
								4
							],
							"inflate": 0.25,
							"uv": [
								32,
								32
							]
						},
						{
							"origin": [
								4,
								12,
								-2
							],
							"size": [
								4,
								12,
								4
							],
							"uv": [
								48,
								32
							]
						}
					]
				},
				{
					"name": "leg0",
					"pivot": [
						-1.9,
						12,
						0
					],
					"cubes": [
						{
							"origin": [
								-3.9,
								0,
								-2
							],
							"size": [
								4,
								12,
								4
							],
							"uv": [
								0,
								48
							]
						},
						{
							"origin": [
								-3.9,
								0,
								-2
							],
							"size": [
								4,
								12,
								4
							],
							"inflate": 0.25,
							"uv": [
								16,
								48
							]
						}
					]
				},
				{
					"name": "leg1",
					"pivot": [
						1.9,
						12,
						0
					],
					"cubes": [
						{
							"origin": [
								-0.1,
								0,
								-2
							],
							"size": [
								4,
								12,
								4
							],
							"uv": [
								32,
								48
							]
						},
						{
							"origin": [
								-0.1,
								0,
								-2
							],
							"size": [
								4,
								12,
								4
							],
							"inflate": 0.25,
							"uv": [
								48,
								48
							]
						}
					]
				}
			]
		}
	]
}