{
	"format_version": "1.12.0",
	"minecraft:geometry": [
		{
			"description": {
				"identifier": "geometry.redst_comp.legs",
				"texture_width": 64,
				"texture_height": 64,
				"visible_bounds_width": 2,
				"visible_bounds_height": 3.5,
				"visible_bounds_offset": [
					0,
					1.25,
					0
				]
			},
			"bones": [
				{
					"name": "Body",
					"pivot": [
						0,
						24,
						0
					],
					"cubes": [
						{
							"origin": [
								-4,
								12,
								-2
							],
							"size": [
								8,
								12,
								4
							],
							"inflate": 0.26,
							"uv": {
								"north": {
									"uv": [
										0,
										0
									],
									"uv_size": [
										8,
										12
									]
								},
								"east": {
									"uv": [
										0,
										13
									],
									"uv_size": [
										4,
										12
									]
								},
								"south": {
									"uv": [
										9,
										0
									],
									"uv_size": [
										8,
										12
									]
								},
								"west": {
									"uv": [
										5,
										13
									],
									"uv_size": [
										4,
										12
									]
								},
								"up": {
									"uv": [
										10,
										26
									],
									"uv_size": [
										8,
										4
									]
								},
								"down": {
									"uv": [
										19,
										30
									],
									"uv_size": [
										8,
										-4
									]
								}
							}
						}
					]
				},
				{
					"name": "RightLeg",
					"pivot": [
						-1.9,
						12,
						0
					],
					"cubes": [
						{
							"origin": [
								-4,
								-0.1,
								-2.1
							],
							"size": [
								4.2,
								12.2,
								4.2
							],
							"inflate": 0.25,
							"uv": {
								"north": {
									"uv": [
										10,
										13
									],
									"uv_size": [
										4,
										12
									]
								},
								"east": {
									"uv": [
										15,
										13
									],
									"uv_size": [
										4,
										12
									]
								},
								"south": {
									"uv": [
										18,
										0
									],
									"uv_size": [
										4,
										12
									]
								},
								"west": {
									"uv": [
										20,
										13
									],
									"uv_size": [
										4,
										12
									]
								},
								"up": {
									"uv": [
										28,
										0
									],
									"uv_size": [
										4,
										4
									]
								},
								"down": {
									"uv": [
										28,
										9
									],
									"uv_size": [
										4,
										-4
									]
								}
							}
						}
					]
				},
				{
					"name": "LeftLeg",
					"pivot": [
						1.9,
						12,
						0
					],
					"cubes": [
						{
							"origin": [
								-0.2,
								-0.1,
								-2.1
							],
							"size": [
								4.2,
								12.2,
								4.2
							],
							"inflate": 0.251,
							"uv": {
								"north": {
									"uv": [
										23,
										0
									],
									"uv_size": [
										4,
										12
									]
								},
								"east": {
									"uv": [
										25,
										13
									],
									"uv_size": [
										4,
										12
									]
								},
								"south": {
									"uv": [
										0,
										26
									],
									"uv_size": [
										4,
										12
									]
								},
								"west": {
									"uv": [
										5,
										26
									],
									"uv_size": [
										4,
										12
									]
								},
								"up": {
									"uv": [
										28,
										26
									],
									"uv_size": [
										4,
										4
									]
								},
								"down": {
									"uv": [
										30,
										14
									],
									"uv_size": [
										4,
										-4
									]
								}
							}
						}
					]
				}
			]
		}
	]
}