{
	"format_version": "1.12.0",
	"minecraft:geometry": [
		{
			"description": {
				"identifier": "geometry.redst_comp.helmet",
				"texture_width": 64,
				"texture_height": 64,
				"visible_bounds_width": 2,
				"visible_bounds_height": 3.5,
				"visible_bounds_offset": [
					0,
					1.25,
					0
				]
			},
			"bones": [
				{
					"name": "Head",
					"pivot": [
						0,
						24,
						0
					],
					"cubes": [
						{
							"origin": [
								4,
								23,
								-1
							],
							"size": [
								1,
								1,
								5
							],
							"uv": {
								"north": {
									"uv": [
										4,
										34
									],
									"uv_size": [
										1,
										1
									]
								},
								"east": {
									"uv": [
										28,
										15
									],
									"uv_size": [
										5,
										1
									]
								},
								"south": {
									"uv": [
										13,
										34
									],
									"uv_size": [
										1,
										1
									]
								},
								"west": {
									"uv": [
										28,
										16
									],
									"uv_size": [
										5,
										1
									]
								},
								"up": {
									"uv": [
										28,
										17
									],
									"uv_size": [
										1,
										5
									]
								},
								"down": {
									"uv": [
										28,
										27
									],
									"uv_size": [
										1,
										-5
									]
								}
							}
						},
						{
							"origin": [
								1,
								23,
								-5
							],
							"size": [
								3,
								1,
								1
							],
							"uv": {
								"north": {
									"uv": [
										33,
										7
									],
									"uv_size": [
										3,
										1
									]
								},
								"east": {
									"uv": [
										26,
										36
									],
									"uv_size": [
										1,
										1
									]
								},
								"south": {
									"uv": [
										33,
										8
									],
									"uv_size": [
										3,
										1
									]
								},
								"west": {
									"uv": [
										36,
										26
									],
									"uv_size": [
										1,
										1
									]
								},
								"up": {
									"uv": [
										33,
										10
									],
									"uv_size": [
										3,
										1
									]
								},
								"down": {
									"uv": [
										11,
										34
									],
									"uv_size": [
										3,
										-1
									]
								}
							}
						},
						{
							"origin": [
								1,
								23,
								4
							],
							"size": [
								3,
								1,
								1
							],
							"uv": {
								"north": {
									"uv": [
										31,
										32
									],
									"uv_size": [
										3,
										1
									]
								},
								"east": {
									"uv": [
										25,
										36
									],
									"uv_size": [
										1,
										1
									]
								},
								"south": {
									"uv": [
										33,
										4
									],
									"uv_size": [
										3,
										1
									]
								},
								"west": {
									"uv": [
										36,
										25
									],
									"uv_size": [
										1,
										1
									]
								},
								"up": {
									"uv": [
										33,
										5
									],
									"uv_size": [
										3,
										1
									]
								},
								"down": {
									"uv": [
										33,
										7
									],
									"uv_size": [
										3,
										-1
									]
								}
							}
						},
						{
							"origin": [
								4,
								24,
								-5
							],
							"size": [
								1,
								1,
								10
							],
							"uv": {
								"north": {
									"uv": [
										27,
										35
									],
									"uv_size": [
										1,
										1
									]
								},
								"east": {
									"uv": [
										2,
										23
									],
									"uv_size": [
										10,
										1
									]
								},
								"south": {
									"uv": [
										28,
										35
									],
									"uv_size": [
										1,
										1
									]
								},
								"west": {
									"uv": [
										23,
										8
									],
									"uv_size": [
										10,
										1
									]
								},
								"up": {
									"uv": [
										12,
										23
									],
									"uv_size": [
										1,
										10
									]
								},
								"down": {
									"uv": [
										13,
										33
									],
									"uv_size": [
										1,
										-10
									]
								}
							}
						},
						{
							"origin": [
								2,
								24,
								-5
							],
							"size": [
								2,
								1,
								1
							],
							"uv": {
								"north": {
									"uv": [
										30,
										34
									],
									"uv_size": [
										2,
										1
									]
								},
								"east": {
									"uv": [
										27,
										36
									],
									"uv_size": [
										1,
										1
									]
								},
								"south": {
									"uv": [
										32,
										34
									],
									"uv_size": [
										2,
										1
									]
								},
								"west": {
									"uv": [
										36,
										27
									],
									"uv_size": [
										1,
										1
									]
								},
								"up": {
									"uv": [
										34,
										32
									],
									"uv_size": [
										2,
										1
									]
								},
								"down": {
									"uv": [
										34,
										35
									],
									"uv_size": [
										2,
										-1
									]
								}
							}
						},
						{
							"origin": [
								2,
								24,
								4
							],
							"size": [
								2,
								1,
								1
							],
							"uv": {
								"north": {
									"uv": [
										0,
										35
									],
									"uv_size": [
										2,
										1
									]
								},
								"east": {
									"uv": [
										28,
										36
									],
									"uv_size": [
										1,
										1
									]
								},
								"south": {
									"uv": [
										35,
										0
									],
									"uv_size": [
										2,
										1
									]
								},
								"west": {
									"uv": [
										36,
										28
									],
									"uv_size": [
										1,
										1
									]
								},
								"up": {
									"uv": [
										35,
										1
									],
									"uv_size": [
										2,
										1
									]
								},
								"down": {
									"uv": [
										35,
										3
									],
									"uv_size": [
										2,
										-1
									]
								}
							}
						},
						{
							"origin": [
								3,
								25,
								-5
							],
							"size": [
								2,
								1,
								1
							],
							"uv": {
								"north": {
									"uv": [
										33,
										30
									],
									"uv_size": [
										2,
										1
									]
								},
								"east": {
									"uv": [
										23,
										35
									],
									"uv_size": [
										1,
										1
									]
								},
								"south": {
									"uv": [
										31,
										33
									],
									"uv_size": [
										2,
										1
									]
								},
								"west": {
									"uv": [
										24,
										35
									],
									"uv_size": [
										1,
										1
									]
								},
								"up": {
									"uv": [
										33,
										31
									],
									"uv_size": [
										2,
										1
									]
								},
								"down": {
									"uv": [
										33,
										34
									],
									"uv_size": [
										2,
										-1
									]
								}
							}
						},
						{
							"origin": [
								4,
								26,
								-5
							],
							"size": [
								1,
								5,
								1
							],
							"uv": {
								"north": {
									"uv": [
										27,
										29
									],
									"uv_size": [
										1,
										5
									]
								},
								"east": {
									"uv": [
										29,
										27
									],
									"uv_size": [
										1,
										5
									]
								},
								"south": {
									"uv": [
										5,
										30
									],
									"uv_size": [
										1,
										5
									]
								},
								"west": {
									"uv": [
										6,
										30
									],
									"uv_size": [
										1,
										5
									]
								},
								"up": {
									"uv": [
										35,
										35
									],
									"uv_size": [
										1,
										1
									]
								},
								"down": {
									"uv": [
										0,
										37
									],
									"uv_size": [
										1,
										-1
									]
								}
							}
						},
						{
							"origin": [
								3,
								31,
								-5
							],
							"size": [
								2,
								1,
								1
							],
							"uv": {
								"north": {
									"uv": [
										16,
										34
									],
									"uv_size": [
										2,
										1
									]
								},
								"east": {
									"uv": [
										35,
										33
									],
									"uv_size": [
										1,
										1
									]
								},
								"south": {
									"uv": [
										34,
										16
									],
									"uv_size": [
										2,
										1
									]
								},
								"west": {
									"uv": [
										34,
										35
									],
									"uv_size": [
										1,
										1
									]
								},
								"up": {
									"uv": [
										34,
										17
									],
									"uv_size": [
										2,
										1
									]
								},
								"down": {
									"uv": [
										20,
										35
									],
									"uv_size": [
										2,
										-1
									]
								}
							}
						},
						{
							"origin": [
								3,
								32,
								-5
							],
							"size": [
								1,
								1,
								1
							],
							"uv": {
								"north": {
									"uv": [
										35,
										36
									],
									"uv_size": [
										1,
										1
									]
								},
								"east": {
									"uv": [
										36,
										35
									],
									"uv_size": [
										1,
										1
									]
								},
								"south": {
									"uv": [
										36,
										36
									],
									"uv_size": [
										1,
										1
									]
								},
								"west": {
									"uv": [
										0,
										37
									],
									"uv_size": [
										1,
										1
									]
								},
								"up": {
									"uv": [
										37,
										0
									],
									"uv_size": [
										1,
										1
									]
								},
								"down": {
									"uv": [
										1,
										38
									],
									"uv_size": [
										1,
										-1
									]
								}
							}
						},
						{
							"origin": [
								4,
								25,
								-4
							],
							"size": [
								1,
								7,
								8
							],
							"uv": {
								"north": {
									"uv": [
										21,
										9
									],
									"uv_size": [
										1,
										7
									]
								},
								"east": {
									"uv": [
										0,
										16
									],
									"uv_size": [
										8,
										7
									]
								},
								"south": {
									"uv": [
										26,
										25
									],
									"uv_size": [
										1,
										7
									]
								},
								"west": {
									"uv": [
										8,
										16
									],
									"uv_size": [
										8,
										7
									]
								},
								"up": {
									"uv": [
										3,
										26
									],
									"uv_size": [
										1,
										8
									]
								},
								"down": {
									"uv": [
										4,
										34
									],
									"uv_size": [
										1,
										-8
									]
								}
							}
						},
						{
							"origin": [
								3,
								32,
								-4
							],
							"size": [
								2,
								1,
								8
							],
							"uv": {
								"north": {
									"uv": [
										6,
										35
									],
									"uv_size": [
										2,
										1
									]
								},
								"east": {
									"uv": [
										25,
										6
									],
									"uv_size": [
										8,
										1
									]
								},
								"south": {
									"uv": [
										8,
										35
									],
									"uv_size": [
										2,
										1
									]
								},
								"west": {
									"uv": [
										25,
										7
									],
									"uv_size": [
										8,
										1
									]
								},
								"up": {
									"uv": [
										0,
										23
									],
									"uv_size": [
										2,
										8
									]
								},
								"down": {
									"uv": [
										23,
										8
									],
									"uv_size": [
										2,
										-8
									]
								}
							}
						},
						{
							"origin": [
								3,
								25,
								4
							],
							"size": [
								2,
								7,
								1
							],
							"uv": {
								"north": {
									"uv": [
										17,
										9
									],
									"uv_size": [
										2,
										7
									]
								},
								"east": {
									"uv": [
										22,
										27
									],
									"uv_size": [
										1,
										7
									]
								},
								"south": {
									"uv": [
										19,
										9
									],
									"uv_size": [
										2,
										7
									]
								},
								"west": {
									"uv": [
										23,
										27
									],
									"uv_size": [
										1,
										7
									]
								},
								"up": {
									"uv": [
										35,
										3
									],
									"uv_size": [
										2,
										1
									]
								},
								"down": {
									"uv": [
										4,
										36
									],
									"uv_size": [
										2,
										-1
									]
								}
							}
						},
						{
							"origin": [
								2,
								32,
								4
							],
							"size": [
								3,
								1,
								1
							],
							"uv": {
								"north": {
									"uv": [
										33,
										11
									],
									"uv_size": [
										3,
										1
									]
								},
								"east": {
									"uv": [
										30,
										36
									],
									"uv_size": [
										1,
										1
									]
								},
								"south": {
									"uv": [
										33,
										12
									],
									"uv_size": [
										3,
										1
									]
								},
								"west": {
									"uv": [
										36,
										30
									],
									"uv_size": [
										1,
										1
									]
								},
								"up": {
									"uv": [
										33,
										13
									],
									"uv_size": [
										3,
										1
									]
								},
								"down": {
									"uv": [
										33,
										16
									],
									"uv_size": [
										3,
										-1
									]
								}
							}
						},
						{
							"origin": [
								2,
								24,
								5
							],
							"size": [
								1,
								8,
								1
							],
							"uv": {
								"north": {
									"uv": [
										19,
										25
									],
									"uv_size": [
										1,
										8
									]
								},
								"east": {
									"uv": [
										20,
										25
									],
									"uv_size": [
										1,
										8
									]
								},
								"south": {
									"uv": [
										21,
										25
									],
									"uv_size": [
										1,
										8
									]
								},
								"west": {
									"uv": [
										2,
										26
									],
									"uv_size": [
										1,
										8
									]
								},
								"up": {
									"uv": [
										35,
										18
									],
									"uv_size": [
										1,
										1
									]
								},
								"down": {
									"uv": [
										35,
										20
									],
									"uv_size": [
										1,
										-1
									]
								}
							}
						},
						{
							"origin": [
								-2,
								24,
								5
							],
							"size": [
								4,
								9,
								1
							],
							"uv": {
								"north": {
									"uv": [
										22,
										9
									],
									"uv_size": [
										4,
										9
									]
								},
								"east": {
									"uv": [
										17,
										25
									],
									"uv_size": [
										1,
										9
									]
								},
								"south": {
									"uv": [
										22,
										18
									],
									"uv_size": [
										4,
										9
									]
								},
								"west": {
									"uv": [
										18,
										25
									],
									"uv_size": [
										1,
										9
									]
								},
								"up": {
									"uv": [
										31,
										19
									],
									"uv_size": [
										4,
										1
									]
								},
								"down": {
									"uv": [
										31,
										21
									],
									"uv_size": [
										4,
										-1
									]
								}
							}
						},
						{
							"origin": [
								-3,
								24,
								5
							],
							"size": [
								1,
								8,
								1
							],
							"uv": {
								"north": {
									"uv": [
										9,
										26
									],
									"uv_size": [
										1,
										8
									]
								},
								"east": {
									"uv": [
										26,
										9
									],
									"uv_size": [
										1,
										8
									]
								},
								"south": {
									"uv": [
										10,
										26
									],
									"uv_size": [
										1,
										8
									]
								},
								"west": {
									"uv": [
										26,
										17
									],
									"uv_size": [
										1,
										8
									]
								},
								"up": {
									"uv": [
										29,
										36
									],
									"uv_size": [
										1,
										1
									]
								},
								"down": {
									"uv": [
										36,
										30
									],
									"uv_size": [
										1,
										-1
									]
								}
							}
						},
						{
							"origin": [
								2,
								31,
								-5
							],
							"size": [
								1,
								2,
								1
							],
							"uv": {
								"north": {
									"uv": [
										0,
										33
									],
									"uv_size": [
										1,
										2
									]
								},
								"east": {
									"uv": [
										1,
										33
									],
									"uv_size": [
										1,
										2
									]
								},
								"south": {
									"uv": [
										33,
										16
									],
									"uv_size": [
										1,
										2
									]
								},
								"west": {
									"uv": [
										19,
										33
									],
									"uv_size": [
										1,
										2
									]
								},
								"up": {
									"uv": [
										20,
										35
									],
									"uv_size": [
										1,
										1
									]
								},
								"down": {
									"uv": [
										35,
										21
									],
									"uv_size": [
										1,
										-1
									]
								}
							}
						},
						{
							"origin": [
								1,
								30,
								-5
							],
							"size": [
								1,
								3,
								1
							],
							"uv": {
								"north": {
									"uv": [
										31,
										29
									],
									"uv_size": [
										1,
										3
									]
								},
								"east": {
									"uv": [
										30,
										31
									],
									"uv_size": [
										1,
										3
									]
								},
								"south": {
									"uv": [
										14,
										32
									],
									"uv_size": [
										1,
										3
									]
								},
								"west": {
									"uv": [
										15,
										32
									],
									"uv_size": [
										1,
										3
									]
								},
								"up": {
									"uv": [
										30,
										35
									],
									"uv_size": [
										1,
										1
									]
								},
								"down": {
									"uv": [
										35,
										31
									],
									"uv_size": [
										1,
										-1
									]
								}
							}
						},
						{
							"origin": [
								-1,
								27,
								-5
							],
							"size": [
								2,
								4,
								1
							],
							"uv": {
								"north": {
									"uv": [
										25,
										2
									],
									"uv_size": [
										2,
										4
									]
								},
								"east": {
									"uv": [
										30,
										10
									],
									"uv_size": [
										1,
										4
									]
								},
								"south": {
									"uv": [
										5,
										26
									],
									"uv_size": [
										2,
										4
									]
								},
								"west": {
									"uv": [
										30,
										27
									],
									"uv_size": [
										1,
										4
									]
								},
								"up": {
									"uv": [
										34,
										21
									],
									"uv_size": [
										2,
										1
									]
								},
								"down": {
									"uv": [
										22,
										35
									],
									"uv_size": [
										2,
										-1
									]
								}
							}
						},
						{
							"origin": [
								-1,
								31,
								-4.6
							],
							"size": [
								2,
								2,
								0.6
							],
							"uv": {
								"north": {
									"uv": [
										0,
										31
									],
									"uv_size": [
										2,
										2
									]
								},
								"east": {
									"uv": [
										36,
										4
									],
									"uv_size": [
										0.5,
										2
									]
								},
								"south": {
									"uv": [
										31,
										10
									],
									"uv_size": [
										2,
										2
									]
								},
								"west": {
									"uv": [
										5,
										36
									],
									"uv_size": [
										0.5,
										2
									]
								},
								"up": {
									"uv": [
										6,
										36
									],
									"uv_size": [
										2,
										0.5
									]
								},
								"down": {
									"uv": [
										36,
										6.5
									],
									"uv_size": [
										2,
										-0.5
									]
								}
							}
						},
						{
							"origin": [
								-1,
								33,
								-5
							],
							"size": [
								2,
								1,
								1
							],
							"uv": {
								"north": {
									"uv": [
										34,
										22
									],
									"uv_size": [
										2,
										1
									]
								},
								"east": {
									"uv": [
										3,
										36
									],
									"uv_size": [
										1,
										1
									]
								},
								"south": {
									"uv": [
										34,
										23
									],
									"uv_size": [
										2,
										1
									]
								},
								"west": {
									"uv": [
										4,
										36
									],
									"uv_size": [
										1,
										1
									]
								},
								"up": {
									"uv": [
										24,
										34
									],
									"uv_size": [
										2,
										1
									]
								},
								"down": {
									"uv": [
										34,
										25
									],
									"uv_size": [
										2,
										-1
									]
								}
							}
						},
						{
							"origin": [
								-2,
								30,
								-5
							],
							"size": [
								1,
								3,
								1
							],
							"uv": {
								"north": {
									"uv": [
										26,
										32
									],
									"uv_size": [
										1,
										3
									]
								},
								"east": {
									"uv": [
										28,
										32
									],
									"uv_size": [
										1,
										3
									]
								},
								"south": {
									"uv": [
										29,
										32
									],
									"uv_size": [
										1,
										3
									]
								},
								"west": {
									"uv": [
										32,
										29
									],
									"uv_size": [
										1,
										3
									]
								},
								"up": {
									"uv": [
										1,
										36
									],
									"uv_size": [
										1,
										1
									]
								},
								"down": {
									"uv": [
										2,
										37
									],
									"uv_size": [
										1,
										-1
									]
								}
							}
						},
						{
							"origin": [
								-3,
								31,
								-5
							],
							"size": [
								1,
								2,
								1
							],
							"uv": {
								"north": {
									"uv": [
										34,
										0
									],
									"uv_size": [
										1,
										2
									]
								},
								"east": {
									"uv": [
										2,
										34
									],
									"uv_size": [
										1,
										2
									]
								},
								"south": {
									"uv": [
										34,
										2
									],
									"uv_size": [
										1,
										2
									]
								},
								"west": {
									"uv": [
										3,
										34
									],
									"uv_size": [
										1,
										2
									]
								},
								"up": {
									"uv": [
										29,
										35
									],
									"uv_size": [
										1,
										1
									]
								},
								"down": {
									"uv": [
										35,
										30
									],
									"uv_size": [
										1,
										-1
									]
								}
							}
						},
						{
							"origin": [
								-3,
								33,
								-4
							],
							"size": [
								6,
								1,
								9
							],
							"uv": {
								"north": {
									"uv": [
										27,
										4
									],
									"uv_size": [
										6,
										1
									]
								},
								"east": {
									"uv": [
										2,
										24
									],
									"uv_size": [
										9,
										1
									]
								},
								"south": {
									"uv": [
										27,
										5
									],
									"uv_size": [
										6,
										1
									]
								},
								"west": {
									"uv": [
										25,
										0
									],
									"uv_size": [
										9,
										1
									]
								},
								"up": {
									"uv": [
										16,
										16
									],
									"uv_size": [
										6,
										9
									]
								},
								"down": {
									"uv": [
										17,
										9
									],
									"uv_size": [
										6,
										-9
									]
								}
							}
						},
						{
							"origin": [
								-4,
								23,
								-5
							],
							"size": [
								3,
								1,
								1
							],
							"uv": {
								"north": {
									"uv": [
										31,
										21
									],
									"uv_size": [
										3,
										1
									]
								},
								"east": {
									"uv": [
										18,
										34
									],
									"uv_size": [
										1,
										1
									]
								},
								"south": {
									"uv": [
										31,
										22
									],
									"uv_size": [
										3,
										1
									]
								},
								"west": {
									"uv": [
										27,
										34
									],
									"uv_size": [
										1,
										1
									]
								},
								"up": {
									"uv": [
										31,
										23
									],
									"uv_size": [
										3,
										1
									]
								},
								"down": {
									"uv": [
										31,
										25
									],
									"uv_size": [
										3,
										-1
									]
								}
							}
						},
						{
							"origin": [
								-1,
								23,
								-5
							],
							"size": [
								2,
								0.4,
								1
							],
							"uv": {
								"north": {
									"uv": [
										37,
										1
									],
									"uv_size": [
										2,
										0.5
									]
								},
								"east": {
									"uv": [
										37,
										2
									],
									"uv_size": [
										1,
										0.5
									]
								},
								"south": {
									"uv": [
										2,
										37
									],
									"uv_size": [
										2,
										0.5
									]
								},
								"west": {
									"uv": [
										37,
										3
									],
									"uv_size": [
										1,
										0.5
									]
								},
								"up": {
									"uv": [
										16,
										35
									],
									"uv_size": [
										2,
										1
									]
								},
								"down": {
									"uv": [
										18,
										36
									],
									"uv_size": [
										2,
										-1
									]
								}
							}
						},
						{
							"origin": [
								-3,
								23,
								4
							],
							"size": [
								2,
								1,
								1
							],
							"uv": {
								"north": {
									"uv": [
										34,
										25
									],
									"uv_size": [
										2,
										1
									]
								},
								"east": {
									"uv": [
										24,
										36
									],
									"uv_size": [
										1,
										1
									]
								},
								"south": {
									"uv": [
										34,
										26
									],
									"uv_size": [
										2,
										1
									]
								},
								"west": {
									"uv": [
										36,
										24
									],
									"uv_size": [
										1,
										1
									]
								},
								"up": {
									"uv": [
										34,
										27
									],
									"uv_size": [
										2,
										1
									]
								},
								"down": {
									"uv": [
										34,
										29
									],
									"uv_size": [
										2,
										-1
									]
								}
							}
						},
						{
							"origin": [
								-5,
								23,
								-1
							],
							"size": [
								1,
								1,
								5
							],
							"uv": {
								"north": {
									"uv": [
										23,
										36
									],
									"uv_size": [
										1,
										1
									]
								},
								"east": {
									"uv": [
										29,
										14
									],
									"uv_size": [
										5,
										1
									]
								},
								"south": {
									"uv": [
										36,
										23
									],
									"uv_size": [
										1,
										1
									]
								},
								"west": {
									"uv": [
										30,
										9
									],
									"uv_size": [
										5,
										1
									]
								},
								"up": {
									"uv": [
										30,
										17
									],
									"uv_size": [
										1,
										5
									]
								},
								"down": {
									"uv": [
										30,
										27
									],
									"uv_size": [
										1,
										-5
									]
								}
							}
						},
						{
							"origin": [
								-4,
								23,
								4
							],
							"size": [
								1,
								1,
								1
							],
							"uv": {
								"north": {
									"uv": [
										20,
										36
									],
									"uv_size": [
										1,
										1
									]
								},
								"east": {
									"uv": [
										36,
										20
									],
									"uv_size": [
										1,
										1
									]
								},
								"south": {
									"uv": [
										21,
										36
									],
									"uv_size": [
										1,
										1
									]
								},
								"west": {
									"uv": [
										36,
										21
									],
									"uv_size": [
										1,
										1
									]
								},
								"up": {
									"uv": [
										22,
										36
									],
									"uv_size": [
										1,
										1
									]
								},
								"down": {
									"uv": [
										36,
										23
									],
									"uv_size": [
										1,
										-1
									]
								}
							}
						},
						{
							"origin": [
								-5,
								24,
								-5
							],
							"size": [
								3,
								1,
								1
							],
							"uv": {
								"north": {
									"uv": [
										31,
										25
									],
									"uv_size": [
										3,
										1
									]
								},
								"east": {
									"uv": [
										25,
										35
									],
									"uv_size": [
										1,
										1
									]
								},
								"south": {
									"uv": [
										31,
										26
									],
									"uv_size": [
										3,
										1
									]
								},
								"west": {
									"uv": [
										26,
										35
									],
									"uv_size": [
										1,
										1
									]
								},
								"up": {
									"uv": [
										31,
										27
									],
									"uv_size": [
										3,
										1
									]
								},
								"down": {
									"uv": [
										31,
										29
									],
									"uv_size": [
										3,
										-1
									]
								}
							}
						},
						{
							"origin": [
								-4,
								24,
								4
							],
							"size": [
								1,
								1,
								1
							],
							"uv": {
								"north": {
									"uv": [
										17,
										36
									],
									"uv_size": [
										1,
										1
									]
								},
								"east": {
									"uv": [
										36,
										17
									],
									"uv_size": [
										1,
										1
									]
								},
								"south": {
									"uv": [
										18,
										36
									],
									"uv_size": [
										1,
										1
									]
								},
								"west": {
									"uv": [
										36,
										18
									],
									"uv_size": [
										1,
										1
									]
								},
								"up": {
									"uv": [
										19,
										36
									],
									"uv_size": [
										1,
										1
									]
								},
								"down": {
									"uv": [
										36,
										20
									],
									"uv_size": [
										1,
										-1
									]
								}
							}
						},
						{
							"origin": [
								-5,
								24,
								-4
							],
							"size": [
								1,
								1,
								9
							],
							"uv": {
								"north": {
									"uv": [
										16,
										36
									],
									"uv_size": [
										1,
										1
									]
								},
								"east": {
									"uv": [
										25,
										1
									],
									"uv_size": [
										9,
										1
									]
								},
								"south": {
									"uv": [
										36,
										16
									],
									"uv_size": [
										1,
										1
									]
								},
								"west": {
									"uv": [
										2,
										25
									],
									"uv_size": [
										9,
										1
									]
								},
								"up": {
									"uv": [
										11,
										24
									],
									"uv_size": [
										1,
										9
									]
								},
								"down": {
									"uv": [
										16,
										34
									],
									"uv_size": [
										1,
										-9
									]
								}
							}
						},
						{
							"origin": [
								-5,
								25,
								-5
							],
							"size": [
								2,
								1,
								1
							],
							"uv": {
								"north": {
									"uv": [
										33,
										18
									],
									"uv_size": [
										2,
										1
									]
								},
								"east": {
									"uv": [
										21,
										35
									],
									"uv_size": [
										1,
										1
									]
								},
								"south": {
									"uv": [
										20,
										33
									],
									"uv_size": [
										2,
										1
									]
								},
								"west": {
									"uv": [
										22,
										35
									],
									"uv_size": [
										1,
										1
									]
								},
								"up": {
									"uv": [
										24,
										33
									],
									"uv_size": [
										2,
										1
									]
								},
								"down": {
									"uv": [
										33,
										30
									],
									"uv_size": [
										2,
										-1
									]
								}
							}
						},
						{
							"origin": [
								-5,
								26,
								-5
							],
							"size": [
								1,
								5,
								1
							],
							"uv": {
								"north": {
									"uv": [
										28,
										27
									],
									"uv_size": [
										1,
										5
									]
								},
								"east": {
									"uv": [
										29,
										9
									],
									"uv_size": [
										1,
										5
									]
								},
								"south": {
									"uv": [
										29,
										17
									],
									"uv_size": [
										1,
										5
									]
								},
								"west": {
									"uv": [
										29,
										22
									],
									"uv_size": [
										1,
										5
									]
								},
								"up": {
									"uv": [
										32,
										35
									],
									"uv_size": [
										1,
										1
									]
								},
								"down": {
									"uv": [
										33,
										36
									],
									"uv_size": [
										1,
										-1
									]
								}
							}
						},
						{
							"origin": [
								-5,
								31,
								-5
							],
							"size": [
								2,
								1,
								1
							],
							"uv": {
								"north": {
									"uv": [
										7,
										34
									],
									"uv_size": [
										2,
										1
									]
								},
								"east": {
									"uv": [
										31,
										35
									],
									"uv_size": [
										1,
										1
									]
								},
								"south": {
									"uv": [
										9,
										34
									],
									"uv_size": [
										2,
										1
									]
								},
								"west": {
									"uv": [
										35,
										31
									],
									"uv_size": [
										1,
										1
									]
								},
								"up": {
									"uv": [
										11,
										34
									],
									"uv_size": [
										2,
										1
									]
								},
								"down": {
									"uv": [
										34,
										15
									],
									"uv_size": [
										2,
										-1
									]
								}
							}
						},
						{
							"origin": [
								-4,
								32,
								-5
							],
							"size": [
								1,
								1,
								1
							],
							"uv": {
								"north": {
									"uv": [
										32,
										36
									],
									"uv_size": [
										1,
										1
									]
								},
								"east": {
									"uv": [
										36,
										32
									],
									"uv_size": [
										1,
										1
									]
								},
								"south": {
									"uv": [
										33,
										36
									],
									"uv_size": [
										1,
										1
									]
								},
								"west": {
									"uv": [
										36,
										33
									],
									"uv_size": [
										1,
										1
									]
								},
								"up": {
									"uv": [
										34,
										36
									],
									"uv_size": [
										1,
										1
									]
								},
								"down": {
									"uv": [
										36,
										35
									],
									"uv_size": [
										1,
										-1
									]
								}
							}
						},
						{
							"origin": [
								-4,
								25,
								4
							],
							"size": [
								1,
								1,
								1
							],
							"uv": {
								"north": {
									"uv": [
										10,
										36
									],
									"uv_size": [
										1,
										1
									]
								},
								"east": {
									"uv": [
										36,
										10
									],
									"uv_size": [
										1,
										1
									]
								},
								"south": {
									"uv": [
										11,
										36
									],
									"uv_size": [
										1,
										1
									]
								},
								"west": {
									"uv": [
										36,
										11
									],
									"uv_size": [
										1,
										1
									]
								},
								"up": {
									"uv": [
										12,
										36
									],
									"uv_size": [
										1,
										1
									]
								},
								"down": {
									"uv": [
										36,
										13
									],
									"uv_size": [
										1,
										-1
									]
								}
							}
						},
						{
							"origin": [
								-4,
								32,
								-4
							],
							"size": [
								1,
								1,
								7
							],
							"uv": {
								"north": {
									"uv": [
										36,
										8
									],
									"uv_size": [
										1,
										1
									]
								},
								"east": {
									"uv": [
										27,
										2
									],
									"uv_size": [
										7,
										1
									]
								},
								"south": {
									"uv": [
										9,
										36
									],
									"uv_size": [
										1,
										1
									]
								},
								"west": {
									"uv": [
										27,
										3
									],
									"uv_size": [
										7,
										1
									]
								},
								"up": {
									"uv": [
										27,
										9
									],
									"uv_size": [
										1,
										7
									]
								},
								"down": {
									"uv": [
										27,
										23
									],
									"uv_size": [
										1,
										-7
									]
								}
							}
						},
						{
							"origin": [
								-4,
								26,
								4
							],
							"size": [
								1,
								6,
								1
							],
							"uv": {
								"north": {
									"uv": [
										27,
										23
									],
									"uv_size": [
										1,
										6
									]
								},
								"east": {
									"uv": [
										24,
										27
									],
									"uv_size": [
										1,
										6
									]
								},
								"south": {
									"uv": [
										25,
										27
									],
									"uv_size": [
										1,
										6
									]
								},
								"west": {
									"uv": [
										28,
										9
									],
									"uv_size": [
										1,
										6
									]
								},
								"up": {
									"uv": [
										36,
										7
									],
									"uv_size": [
										1,
										1
									]
								},
								"down": {
									"uv": [
										8,
										37
									],
									"uv_size": [
										1,
										-1
									]
								}
							}
						},
						{
							"origin": [
								-4,
								32,
								3
							],
							"size": [
								1,
								1,
								1
							],
							"uv": {
								"north": {
									"uv": [
										13,
										36
									],
									"uv_size": [
										1,
										1
									]
								},
								"east": {
									"uv": [
										36,
										13
									],
									"uv_size": [
										1,
										1
									]
								},
								"south": {
									"uv": [
										14,
										36
									],
									"uv_size": [
										1,
										1
									]
								},
								"west": {
									"uv": [
										36,
										14
									],
									"uv_size": [
										1,
										1
									]
								},
								"up": {
									"uv": [
										15,
										36
									],
									"uv_size": [
										1,
										1
									]
								},
								"down": {
									"uv": [
										36,
										16
									],
									"uv_size": [
										1,
										-1
									]
								}
							}
						},
						{
							"origin": [
								-4,
								32,
								4
							],
							"size": [
								2,
								1,
								1
							],
							"uv": {
								"north": {
									"uv": [
										35,
										9
									],
									"uv_size": [
										2,
										1
									]
								},
								"east": {
									"uv": [
										31,
										36
									],
									"uv_size": [
										1,
										1
									]
								},
								"south": {
									"uv": [
										10,
										35
									],
									"uv_size": [
										2,
										1
									]
								},
								"west": {
									"uv": [
										36,
										31
									],
									"uv_size": [
										1,
										1
									]
								},
								"up": {
									"uv": [
										12,
										35
									],
									"uv_size": [
										2,
										1
									]
								},
								"down": {
									"uv": [
										14,
										36
									],
									"uv_size": [
										2,
										-1
									]
								}
							}
						},
						{
							"origin": [
								-5,
								25,
								-4
							],
							"size": [
								1,
								8,
								9
							],
							"uv": {
								"north": {
									"uv": [
										7,
										26
									],
									"uv_size": [
										1,
										8
									]
								},
								"east": {
									"uv": [
										0,
										0
									],
									"uv_size": [
										9,
										8
									]
								},
								"south": {
									"uv": [
										8,
										26
									],
									"uv_size": [
										1,
										8
									]
								},
								"west": {
									"uv": [
										0,
										8
									],
									"uv_size": [
										9,
										8
									]
								},
								"up": {
									"uv": [
										14,
										23
									],
									"uv_size": [
										1,
										9
									]
								},
								"down": {
									"uv": [
										15,
										32
									],
									"uv_size": [
										1,
										-9
									]
								}
							}
						},
						{
							"origin": [
								-4,
								23.4,
								-4.7
							],
							"size": [
								8,
								7.6,
								0
							],
							"uv": {
								"north": {
									"uv": [
										9,
										0
									],
									"uv_size": [
										8,
										7.5
									]
								},
								"east": {
									"uv": [
										0,
										0
									],
									"uv_size": [
										0,
										7.5
									]
								},
								"south": {
									"uv": [
										9,
										8
									],
									"uv_size": [
										8,
										7.5
									]
								},
								"west": {
									"uv": [
										0,
										0
									],
									"uv_size": [
										0,
										7.5
									]
								},
								"up": {
									"uv": [
										0,
										0
									],
									"uv_size": [
										8,
										0
									]
								},
								"down": {
									"uv": [
										0,
										0
									],
									"uv_size": [
										8,
										0
									]
								}
							}
						}
					]
				},
				{
					"name": "fan",
					"parent": "Head",
					"pivot": [
						0,
						32,
						-4.8
					],
					"cubes": [
						{
							"origin": [
								-1,
								31,
								-4.8
							],
							"size": [
								2,
								2,
								0
							],
							"uv": {
								"north": {
									"uv": [
										31,
										12
									],
									"uv_size": [
										2,
										2
									]
								},
								"east": {
									"uv": [
										0,
										0
									],
									"uv_size": [
										0,
										2
									]
								},
								"south": {
									"uv": [
										31,
										17
									],
									"uv_size": [
										2,
										2
									]
								},
								"west": {
									"uv": [
										0,
										0
									],
									"uv_size": [
										0,
										2
									]
								},
								"up": {
									"uv": [
										0,
										0
									],
									"uv_size": [
										2,
										0
									]
								},
								"down": {
									"uv": [
										0,
										0
									],
									"uv_size": [
										2,
										0
									]
								}
							}
						}
					]
				}
			]
		}
	]
}