{
	"format_version": "1.12.0",
	"minecraft:geometry": [
		{
			"description": {
				"identifier": "geometry.redst_comp.chest",
				"texture_width": 128,
				"texture_height": 128,
				"visible_bounds_width": 3,
				"visible_bounds_height": 3.5,
				"visible_bounds_offset": [
					0,
					1.25,
					0
				]
			},
			"bones": [
				{
					"name": "Body",
					"pivot": [
						0,
						24,
						0
					],
					"cubes": [
						{
							"origin": [
								3.5,
								13.5,
								-2.3
							],
							"size": [
								1,
								11,
								1
							],
							"uv": {
								"north": {
									"uv": [
										35,
										20
									],
									"uv_size": [
										1,
										11
									]
								},
								"east": {
									"uv": [
										22,
										36
									],
									"uv_size": [
										1,
										11
									]
								},
								"south": {
									"uv": [
										24,
										36
									],
									"uv_size": [
										1,
										11
									]
								},
								"west": {
									"uv": [
										26,
										36
									],
									"uv_size": [
										1,
										11
									]
								},
								"up": {
									"uv": [
										40,
										53
									],
									"uv_size": [
										1,
										1
									]
								},
								"down": {
									"uv": [
										20,
										58
									],
									"uv_size": [
										1,
										-1
									]
								}
							}
						},
						{
							"origin": [
								1.5,
								13.5,
								-2.6
							],
							"size": [
								2,
								11,
								1
							],
							"uv": {
								"north": {
									"uv": [
										12,
										28
									],
									"uv_size": [
										2,
										11
									]
								},
								"east": {
									"uv": [
										10,
										40
									],
									"uv_size": [
										1,
										11
									]
								},
								"south": {
									"uv": [
										15,
										28
									],
									"uv_size": [
										2,
										11
									]
								},
								"west": {
									"uv": [
										12,
										40
									],
									"uv_size": [
										1,
										11
									]
								},
								"up": {
									"uv": [
										50,
										32
									],
									"uv_size": [
										2,
										1
									]
								},
								"down": {
									"uv": [
										51,
										4
									],
									"uv_size": [
										2,
										-1
									]
								}
							}
						},
						{
							"origin": [
								0.5,
								12.5,
								-2.3
							],
							"size": [
								1,
								4,
								1
							],
							"uv": {
								"north": {
									"uv": [
										47,
										39
									],
									"uv_size": [
										1,
										4
									]
								},
								"east": {
									"uv": [
										47,
										44
									],
									"uv_size": [
										1,
										4
									]
								},
								"south": {
									"uv": [
										22,
										48
									],
									"uv_size": [
										1,
										4
									]
								},
								"west": {
									"uv": [
										24,
										48
									],
									"uv_size": [
										1,
										4
									]
								},
								"up": {
									"uv": [
										22,
										58
									],
									"uv_size": [
										1,
										1
									]
								},
								"down": {
									"uv": [
										58,
										24
									],
									"uv_size": [
										1,
										-1
									]
								}
							}
						},
						{
							"origin": [
								0.5,
								16.5,
								-2.5
							],
							"size": [
								1,
								2,
								1
							],
							"uv": {
								"north": {
									"uv": [
										8,
										52
									],
									"uv_size": [
										1,
										2
									]
								},
								"east": {
									"uv": [
										52,
										8
									],
									"uv_size": [
										1,
										2
									]
								},
								"south": {
									"uv": [
										10,
										52
									],
									"uv_size": [
										1,
										2
									]
								},
								"west": {
									"uv": [
										12,
										52
									],
									"uv_size": [
										1,
										2
									]
								},
								"up": {
									"uv": [
										32,
										59
									],
									"uv_size": [
										1,
										1
									]
								},
								"down": {
									"uv": [
										34,
										60
									],
									"uv_size": [
										1,
										-1
									]
								}
							}
						},
						{
							"origin": [
								0.5,
								21.5,
								-2.6
							],
							"size": [
								1,
								2,
								1
							],
							"uv": {
								"north": {
									"uv": [
										36,
										50
									],
									"uv_size": [
										1,
										2
									]
								},
								"east": {
									"uv": [
										51,
										0
									],
									"uv_size": [
										1,
										2
									]
								},
								"south": {
									"uv": [
										51,
										11
									],
									"uv_size": [
										1,
										2
									]
								},
								"west": {
									"uv": [
										30,
										51
									],
									"uv_size": [
										1,
										2
									]
								},
								"up": {
									"uv": [
										59,
										0
									],
									"uv_size": [
										1,
										1
									]
								},
								"down": {
									"uv": [
										2,
										60
									],
									"uv_size": [
										1,
										-1
									]
								}
							}
						},
						{
							"origin": [
								-0.5,
								12.5,
								-2.4
							],
							"size": [
								1,
								4,
								1.1
							],
							"uv": {
								"north": {
									"uv": [
										26,
										48
									],
									"uv_size": [
										1,
										4
									]
								},
								"east": {
									"uv": [
										28,
										48
									],
									"uv_size": [
										1,
										4
									]
								},
								"south": {
									"uv": [
										48,
										29
									],
									"uv_size": [
										1,
										4
									]
								},
								"west": {
									"uv": [
										32,
										48
									],
									"uv_size": [
										1,
										4
									]
								},
								"up": {
									"uv": [
										24,
										58
									],
									"uv_size": [
										1,
										1
									]
								},
								"down": {
									"uv": [
										58,
										26
									],
									"uv_size": [
										1,
										-1
									]
								}
							}
						},
						{
							"origin": [
								-0.5,
								16.5,
								-2.5
							],
							"size": [
								1,
								2,
								1
							],
							"uv": {
								"north": {
									"uv": [
										51,
										46
									],
									"uv_size": [
										1,
										2
									]
								},
								"east": {
									"uv": [
										51,
										49
									],
									"uv_size": [
										1,
										2
									]
								},
								"south": {
									"uv": [
										52,
										5
									],
									"uv_size": [
										1,
										2
									]
								},
								"west": {
									"uv": [
										6,
										52
									],
									"uv_size": [
										1,
										2
									]
								},
								"up": {
									"uv": [
										59,
										29
									],
									"uv_size": [
										1,
										1
									]
								},
								"down": {
									"uv": [
										30,
										60
									],
									"uv_size": [
										1,
										-1
									]
								}
							}
						},
						{
							"origin": [
								-0.5,
								18.5,
								-2.3
							],
							"size": [
								1,
								1,
								1
							],
							"uv": {
								"north": {
									"uv": [
										4,
										59
									],
									"uv_size": [
										1,
										1
									]
								},
								"east": {
									"uv": [
										6,
										59
									],
									"uv_size": [
										1,
										1
									]
								},
								"south": {
									"uv": [
										8,
										59
									],
									"uv_size": [
										1,
										1
									]
								},
								"west": {
									"uv": [
										10,
										59
									],
									"uv_size": [
										1,
										1
									]
								},
								"up": {
									"uv": [
										12,
										59
									],
									"uv_size": [
										1,
										1
									]
								},
								"down": {
									"uv": [
										14,
										60
									],
									"uv_size": [
										1,
										-1
									]
								}
							}
						},
						{
							"origin": [
								-0.5,
								21.5,
								-2.5
							],
							"size": [
								1,
								1,
								1
							],
							"uv": {
								"north": {
									"uv": [
										28,
										58
									],
									"uv_size": [
										1,
										1
									]
								},
								"east": {
									"uv": [
										50,
										58
									],
									"uv_size": [
										1,
										1
									]
								},
								"south": {
									"uv": [
										52,
										58
									],
									"uv_size": [
										1,
										1
									]
								},
								"west": {
									"uv": [
										54,
										58
									],
									"uv_size": [
										1,
										1
									]
								},
								"up": {
									"uv": [
										58,
										55
									],
									"uv_size": [
										1,
										1
									]
								},
								"down": {
									"uv": [
										56,
										59
									],
									"uv_size": [
										1,
										-1
									]
								}
							}
						},
						{
							"origin": [
								-0.5,
								22.6,
								-2.5
							],
							"size": [
								1,
								0.1,
								0.1
							],
							"uv": {
								"north": {
									"uv": [
										6,
										61
									],
									"uv_size": [
										1,
										0.5
									]
								},
								"east": {
									"uv": [
										62,
										21
									],
									"uv_size": [
										0.5,
										0.5
									]
								},
								"south": {
									"uv": [
										61,
										6
									],
									"uv_size": [
										1,
										0.5
									]
								},
								"west": {
									"uv": [
										22,
										62
									],
									"uv_size": [
										0.5,
										0.5
									]
								},
								"up": {
									"uv": [
										8,
										61
									],
									"uv_size": [
										1,
										0.5
									]
								},
								"down": {
									"uv": [
										10,
										61.5
									],
									"uv_size": [
										1,
										-0.5
									]
								}
							}
						},
						{
							"origin": [
								-0.5,
								22.8,
								-2.5
							],
							"size": [
								1,
								0.1,
								0.1
							],
							"uv": {
								"north": {
									"uv": [
										12,
										61
									],
									"uv_size": [
										1,
										0.5
									]
								},
								"east": {
									"uv": [
										28,
										63
									],
									"uv_size": [
										0.5,
										0.5
									]
								},
								"south": {
									"uv": [
										14,
										61
									],
									"uv_size": [
										1,
										0.5
									]
								},
								"west": {
									"uv": [
										63,
										29
									],
									"uv_size": [
										0.5,
										0.5
									]
								},
								"up": {
									"uv": [
										16,
										61
									],
									"uv_size": [
										1,
										0.5
									]
								},
								"down": {
									"uv": [
										18,
										61.5
									],
									"uv_size": [
										1,
										-0.5
									]
								}
							}
						},
						{
							"origin": [
								-0.5,
								23,
								-2.5
							],
							"size": [
								1,
								0.1,
								0.1
							],
							"uv": {
								"north": {
									"uv": [
										61,
										19
									],
									"uv_size": [
										1,
										0.5
									]
								},
								"east": {
									"uv": [
										30,
										63
									],
									"uv_size": [
										0.5,
										0.5
									]
								},
								"south": {
									"uv": [
										20,
										61
									],
									"uv_size": [
										1,
										0.5
									]
								},
								"west": {
									"uv": [
										63,
										31
									],
									"uv_size": [
										0.5,
										0.5
									]
								},
								"up": {
									"uv": [
										29,
										61
									],
									"uv_size": [
										1,
										0.5
									]
								},
								"down": {
									"uv": [
										61,
										29.5
									],
									"uv_size": [
										1,
										-0.5
									]
								}
							}
						},
						{
							"origin": [
								-0.5,
								23.2,
								-2.5
							],
							"size": [
								1,
								0.1,
								0.1
							],
							"uv": {
								"north": {
									"uv": [
										31,
										61
									],
									"uv_size": [
										1,
										0.5
									]
								},
								"east": {
									"uv": [
										32,
										63
									],
									"uv_size": [
										0.5,
										0.5
									]
								},
								"south": {
									"uv": [
										61,
										31
									],
									"uv_size": [
										1,
										0.5
									]
								},
								"west": {
									"uv": [
										63,
										33
									],
									"uv_size": [
										0.5,
										0.5
									]
								},
								"up": {
									"uv": [
										33,
										61
									],
									"uv_size": [
										1,
										0.5
									]
								},
								"down": {
									"uv": [
										61,
										33.5
									],
									"uv_size": [
										1,
										-0.5
									]
								}
							}
						},
						{
							"origin": [
								-0.5,
								23.4,
								-2.7
							],
							"size": [
								1,
								0.1,
								1.1
							],
							"uv": {
								"north": {
									"uv": [
										35,
										61
									],
									"uv_size": [
										1,
										0.5
									]
								},
								"east": {
									"uv": [
										61,
										35
									],
									"uv_size": [
										1,
										0.5
									]
								},
								"south": {
									"uv": [
										37,
										61
									],
									"uv_size": [
										1,
										0.5
									]
								},
								"west": {
									"uv": [
										61,
										37
									],
									"uv_size": [
										1,
										0.5
									]
								},
								"up": {
									"uv": [
										60,
										27
									],
									"uv_size": [
										1,
										1
									]
								},
								"down": {
									"uv": [
										60,
										42
									],
									"uv_size": [
										1,
										-1
									]
								}
							}
						},
						{
							"origin": [
								-1.68562,
								24.06679,
								-2.7
							],
							"size": [
								1.5,
								0.1,
								1.1
							],
							"pivot": [
								-1.18562,
								24.11679,
								-2.15
							],
							"rotation": [
								0,
								0,
								45
							],
							"uv": {
								"north": {
									"uv": [
										52,
										60
									],
									"uv_size": [
										1.5,
										0.5
									]
								},
								"east": {
									"uv": [
										39,
										61
									],
									"uv_size": [
										1,
										0.5
									]
								},
								"south": {
									"uv": [
										60,
										52
									],
									"uv_size": [
										1.5,
										0.5
									]
								},
								"west": {
									"uv": [
										61,
										39
									],
									"uv_size": [
										1,
										0.5
									]
								},
								"up": {
									"uv": [
										57,
										41
									],
									"uv_size": [
										1.5,
										1
									]
								},
								"down": {
									"uv": [
										42,
										58
									],
									"uv_size": [
										1.5,
										-1
									]
								}
							}
						},
						{
							"origin": [
								-1.63562,
								23.99179,
								-2.7
							],
							"size": [
								1.375,
								0.1,
								1.1
							],
							"pivot": [
								-1.28562,
								24.04179,
								-2.15
							],
							"rotation": [
								0,
								0,
								45
							],
							"uv": {
								"north": {
									"uv": [
										60,
										56
									],
									"uv_size": [
										1.5,
										0.5
									]
								},
								"east": {
									"uv": [
										45,
										61
									],
									"uv_size": [
										1,
										0.5
									]
								},
								"south": {
									"uv": [
										60,
										58
									],
									"uv_size": [
										1.5,
										0.5
									]
								},
								"west": {
									"uv": [
										47,
										61
									],
									"uv_size": [
										1,
										0.5
									]
								},
								"up": {
									"uv": [
										57,
										45
									],
									"uv_size": [
										1.5,
										1
									]
								},
								"down": {
									"uv": [
										57,
										48
									],
									"uv_size": [
										1.5,
										-1
									]
								}
							}
						},
						{
							"origin": [
								0.36553,
								23.75314,
								-2.7
							],
							"size": [
								1.375,
								0.1,
								1.1
							],
							"pivot": [
								1.05303,
								23.80314,
								-2.15
							],
							"rotation": [
								0,
								0,
								-45
							],
							"uv": {
								"north": {
									"uv": [
										60,
										60
									],
									"uv_size": [
										1.5,
										0.5
									]
								},
								"east": {
									"uv": [
										58,
										61
									],
									"uv_size": [
										1,
										0.5
									]
								},
								"south": {
									"uv": [
										0,
										61
									],
									"uv_size": [
										1.5,
										0.5
									]
								},
								"west": {
									"uv": [
										62,
										8
									],
									"uv_size": [
										1,
										0.5
									]
								},
								"up": {
									"uv": [
										57,
										49
									],
									"uv_size": [
										1.5,
										1
									]
								},
								"down": {
									"uv": [
										57,
										52
									],
									"uv_size": [
										1.5,
										-1
									]
								}
							}
						},
						{
							"origin": [
								0.49053,
								23.55314,
								-2.7
							],
							"size": [
								1.25,
								0.1,
								1.1
							],
							"pivot": [
								1.05303,
								23.60314,
								-2.15
							],
							"rotation": [
								0,
								0,
								-45
							],
							"uv": {
								"north": {
									"uv": [
										61,
										0
									],
									"uv_size": [
										1.5,
										0.5
									]
								},
								"east": {
									"uv": [
										62,
										10
									],
									"uv_size": [
										1,
										0.5
									]
								},
								"south": {
									"uv": [
										61,
										2
									],
									"uv_size": [
										1.5,
										0.5
									]
								},
								"west": {
									"uv": [
										62,
										12
									],
									"uv_size": [
										1,
										0.5
									]
								},
								"up": {
									"uv": [
										57,
										53
									],
									"uv_size": [
										1.5,
										1
									]
								},
								"down": {
									"uv": [
										58,
										3
									],
									"uv_size": [
										1.5,
										-1
									]
								}
							}
						},
						{
							"origin": [
								-1.70947,
								23.65314,
								-2.7
							],
							"size": [
								1.25,
								0.1,
								1.1
							],
							"pivot": [
								-1.14697,
								23.70314,
								-2.15
							],
							"rotation": [
								0,
								0,
								45
							],
							"uv": {
								"north": {
									"uv": [
										3,
										61
									],
									"uv_size": [
										1.5,
										0.5
									]
								},
								"east": {
									"uv": [
										62,
										14
									],
									"uv_size": [
										1,
										0.5
									]
								},
								"south": {
									"uv": [
										61,
										4
									],
									"uv_size": [
										1.5,
										0.5
									]
								},
								"west": {
									"uv": [
										62,
										16
									],
									"uv_size": [
										1,
										0.5
									]
								},
								"up": {
									"uv": [
										58,
										4
									],
									"uv_size": [
										1.5,
										1
									]
								},
								"down": {
									"uv": [
										58,
										7
									],
									"uv_size": [
										1.5,
										-1
									]
								}
							}
						},
						{
							"origin": [
								0.48864,
								23.99608,
								-2.7
							],
							"size": [
								1.5,
								0.1,
								1.1
							],
							"pivot": [
								1.23864,
								23.69608,
								-2.15
							],
							"rotation": [
								0,
								0,
								-45
							],
							"uv": {
								"north": {
									"uv": [
										60,
										54
									],
									"uv_size": [
										1.5,
										0.5
									]
								},
								"east": {
									"uv": [
										41,
										61
									],
									"uv_size": [
										1,
										0.5
									]
								},
								"south": {
									"uv": [
										55,
										60
									],
									"uv_size": [
										1.5,
										0.5
									]
								},
								"west": {
									"uv": [
										43,
										61
									],
									"uv_size": [
										1,
										0.5
									]
								},
								"up": {
									"uv": [
										57,
										43
									],
									"uv_size": [
										1.5,
										1
									]
								},
								"down": {
									"uv": [
										45,
										58
									],
									"uv_size": [
										1.5,
										-1
									]
								}
							}
						},
						{
							"origin": [
								-1.5,
								12.5,
								-2.3
							],
							"size": [
								1,
								4,
								1
							],
							"uv": {
								"north": {
									"uv": [
										34,
										48
									],
									"uv_size": [
										1,
										4
									]
								},
								"east": {
									"uv": [
										38,
										48
									],
									"uv_size": [
										1,
										4
									]
								},
								"south": {
									"uv": [
										40,
										48
									],
									"uv_size": [
										1,
										4
									]
								},
								"west": {
									"uv": [
										49,
										0
									],
									"uv_size": [
										1,
										4
									]
								},
								"up": {
									"uv": [
										26,
										58
									],
									"uv_size": [
										1,
										1
									]
								},
								"down": {
									"uv": [
										58,
										28
									],
									"uv_size": [
										1,
										-1
									]
								}
							}
						},
						{
							"origin": [
								-1.5,
								16.5,
								-2.5
							],
							"size": [
								1,
								2,
								1
							],
							"uv": {
								"north": {
									"uv": [
										51,
										34
									],
									"uv_size": [
										1,
										2
									]
								},
								"east": {
									"uv": [
										51,
										37
									],
									"uv_size": [
										1,
										2
									]
								},
								"south": {
									"uv": [
										51,
										40
									],
									"uv_size": [
										1,
										2
									]
								},
								"west": {
									"uv": [
										51,
										43
									],
									"uv_size": [
										1,
										2
									]
								},
								"up": {
									"uv": [
										59,
										19
									],
									"uv_size": [
										1,
										1
									]
								},
								"down": {
									"uv": [
										20,
										60
									],
									"uv_size": [
										1,
										-1
									]
								}
							}
						},
						{
							"origin": [
								-1.5,
								21.5,
								-2.6
							],
							"size": [
								1,
								2,
								1
							],
							"uv": {
								"north": {
									"uv": [
										50,
										20
									],
									"uv_size": [
										1,
										2
									]
								},
								"east": {
									"uv": [
										50,
										23
									],
									"uv_size": [
										1,
										2
									]
								},
								"south": {
									"uv": [
										50,
										26
									],
									"uv_size": [
										1,
										2
									]
								},
								"west": {
									"uv": [
										50,
										29
									],
									"uv_size": [
										1,
										2
									]
								},
								"up": {
									"uv": [
										58,
										57
									],
									"uv_size": [
										1,
										1
									]
								},
								"down": {
									"uv": [
										0,
										60
									],
									"uv_size": [
										1,
										-1
									]
								}
							}
						},
						{
							"origin": [
								-3.5,
								13.5,
								-2.6
							],
							"size": [
								2,
								11,
								1
							],
							"uv": {
								"north": {
									"uv": [
										6,
										28
									],
									"uv_size": [
										2,
										11
									]
								},
								"east": {
									"uv": [
										38,
										24
									],
									"uv_size": [
										1,
										11
									]
								},
								"south": {
									"uv": [
										9,
										28
									],
									"uv_size": [
										2,
										11
									]
								},
								"west": {
									"uv": [
										38,
										36
									],
									"uv_size": [
										1,
										11
									]
								},
								"up": {
									"uv": [
										26,
										22
									],
									"uv_size": [
										2,
										1
									]
								},
								"down": {
									"uv": [
										32,
										21
									],
									"uv_size": [
										2,
										-1
									]
								}
							}
						},
						{
							"origin": [
								-4.5,
								13.5,
								-2.3
							],
							"size": [
								1,
								11,
								1
							],
							"uv": {
								"north": {
									"uv": [
										39,
										0
									],
									"uv_size": [
										1,
										11
									]
								},
								"east": {
									"uv": [
										39,
										12
									],
									"uv_size": [
										1,
										11
									]
								},
								"south": {
									"uv": [
										6,
										40
									],
									"uv_size": [
										1,
										11
									]
								},
								"west": {
									"uv": [
										8,
										40
									],
									"uv_size": [
										1,
										11
									]
								},
								"up": {
									"uv": [
										16,
										59
									],
									"uv_size": [
										1,
										1
									]
								},
								"down": {
									"uv": [
										18,
										60
									],
									"uv_size": [
										1,
										-1
									]
								}
							}
						},
						{
							"origin": [
								3.5,
								13.5,
								-1.3
							],
							"size": [
								1,
								11,
								4.3
							],
							"uv": {
								"north": {
									"uv": [
										28,
										36
									],
									"uv_size": [
										1,
										11
									]
								},
								"east": {
									"uv": [
										20,
										0
									],
									"uv_size": [
										4.5,
										11
									]
								},
								"south": {
									"uv": [
										36,
										32
									],
									"uv_size": [
										1,
										11
									]
								},
								"west": {
									"uv": [
										20,
										12
									],
									"uv_size": [
										4.5,
										11
									]
								},
								"up": {
									"uv": [
										2,
										47
									],
									"uv_size": [
										1,
										4.5
									]
								},
								"down": {
									"uv": [
										4,
										51.5
									],
									"uv_size": [
										1,
										-4.5
									]
								}
							}
						},
						{
							"origin": [
								2.5,
								12.5,
								2
							],
							"size": [
								1,
								12,
								1
							],
							"uv": {
								"north": {
									"uv": [
										18,
										28
									],
									"uv_size": [
										1,
										12
									]
								},
								"east": {
									"uv": [
										30,
										32
									],
									"uv_size": [
										1,
										12
									]
								},
								"south": {
									"uv": [
										32,
										32
									],
									"uv_size": [
										1,
										12
									]
								},
								"west": {
									"uv": [
										0,
										34
									],
									"uv_size": [
										1,
										12
									]
								},
								"up": {
									"uv": [
										48,
										57
									],
									"uv_size": [
										1,
										1
									]
								},
								"down": {
									"uv": [
										58,
										22
									],
									"uv_size": [
										1,
										-1
									]
								}
							}
						},
						{
							"origin": [
								-2.5,
								12.5,
								2
							],
							"size": [
								5,
								7,
								1
							],
							"uv": {
								"north": {
									"uv": [
										26,
										0
									],
									"uv_size": [
										5,
										7
									]
								},
								"east": {
									"uv": [
										41,
										16
									],
									"uv_size": [
										1,
										7
									]
								},
								"south": {
									"uv": [
										26,
										8
									],
									"uv_size": [
										5,
										7
									]
								},
								"west": {
									"uv": [
										17,
										41
									],
									"uv_size": [
										1,
										7
									]
								},
								"up": {
									"uv": [
										45,
										12
									],
									"uv_size": [
										5,
										1
									]
								},
								"down": {
									"uv": [
										45,
										15
									],
									"uv_size": [
										5,
										-1
									]
								}
							}
						},
						{
							"origin": [
								-2.5,
								19.5,
								2
							],
							"size": [
								5,
								5,
								1
							],
							"uv": {
								"north": {
									"uv": [
										26,
										16
									],
									"uv_size": [
										5,
										5
									]
								},
								"east": {
									"uv": [
										36,
										44
									],
									"uv_size": [
										1,
										5
									]
								},
								"south": {
									"uv": [
										0,
										28
									],
									"uv_size": [
										5,
										5
									]
								},
								"west": {
									"uv": [
										30,
										45
									],
									"uv_size": [
										1,
										5
									]
								},
								"up": {
									"uv": [
										46,
										16
									],
									"uv_size": [
										5,
										1
									]
								},
								"down": {
									"uv": [
										46,
										19
									],
									"uv_size": [
										5,
										-1
									]
								}
							}
						},
						{
							"origin": [
								-3.5,
								12.5,
								2
							],
							"size": [
								1,
								12,
								1
							],
							"uv": {
								"north": {
									"uv": [
										2,
										34
									],
									"uv_size": [
										1,
										12
									]
								},
								"east": {
									"uv": [
										4,
										34
									],
									"uv_size": [
										1,
										12
									]
								},
								"south": {
									"uv": [
										34,
										32
									],
									"uv_size": [
										1,
										12
									]
								},
								"west": {
									"uv": [
										20,
										36
									],
									"uv_size": [
										1,
										12
									]
								},
								"up": {
									"uv": [
										36,
										59
									],
									"uv_size": [
										1,
										1
									]
								},
								"down": {
									"uv": [
										38,
										60
									],
									"uv_size": [
										1,
										-1
									]
								}
							}
						},
						{
							"origin": [
								-4.5,
								13.5,
								-1.3
							],
							"size": [
								1,
								11,
								4.3
							],
							"uv": {
								"north": {
									"uv": [
										37,
										0
									],
									"uv_size": [
										1,
										11
									]
								},
								"east": {
									"uv": [
										20,
										24
									],
									"uv_size": [
										4,
										11
									]
								},
								"south": {
									"uv": [
										37,
										12
									],
									"uv_size": [
										1,
										11
									]
								},
								"west": {
									"uv": [
										25,
										24
									],
									"uv_size": [
										4,
										11
									]
								},
								"up": {
									"uv": [
										46,
										29
									],
									"uv_size": [
										1,
										4
									]
								},
								"down": {
									"uv": [
										47,
										38
									],
									"uv_size": [
										1,
										-4
									]
								}
							}
						},
						{
							"origin": [
								-1.5,
								21.1,
								-2.4
							],
							"size": [
								3,
								0.2,
								0.2
							],
							"uv": {
								"north": {
									"uv": [
										32,
										53
									],
									"uv_size": [
										3,
										0.5
									]
								},
								"east": {
									"uv": [
										24,
										62
									],
									"uv_size": [
										0.5,
										0.5
									]
								},
								"south": {
									"uv": [
										53,
										32
									],
									"uv_size": [
										3,
										0.5
									]
								},
								"west": {
									"uv": [
										62,
										25
									],
									"uv_size": [
										0.5,
										0.5
									]
								},
								"up": {
									"uv": [
										53,
										34
									],
									"uv_size": [
										3,
										0.5
									]
								},
								"down": {
									"uv": [
										36,
										53.5
									],
									"uv_size": [
										3,
										-0.5
									]
								}
							}
						},
						{
							"origin": [
								-1.5,
								20.7,
								-2.4
							],
							"size": [
								3,
								0.2,
								0.2
							],
							"uv": {
								"north": {
									"uv": [
										53,
										36
									],
									"uv_size": [
										3,
										0.5
									]
								},
								"east": {
									"uv": [
										26,
										62
									],
									"uv_size": [
										0.5,
										0.5
									]
								},
								"south": {
									"uv": [
										53,
										38
									],
									"uv_size": [
										3,
										0.5
									]
								},
								"west": {
									"uv": [
										62,
										27
									],
									"uv_size": [
										0.5,
										0.5
									]
								},
								"up": {
									"uv": [
										53,
										40
									],
									"uv_size": [
										3,
										0.5
									]
								},
								"down": {
									"uv": [
										53,
										42.5
									],
									"uv_size": [
										3,
										-0.5
									]
								}
							}
						},
						{
							"origin": [
								-1.5,
								20.3,
								-2.4
							],
							"size": [
								3,
								0.2,
								0.2
							],
							"uv": {
								"north": {
									"uv": [
										53,
										44
									],
									"uv_size": [
										3,
										0.5
									]
								},
								"east": {
									"uv": [
										62,
										41
									],
									"uv_size": [
										0.5,
										0.5
									]
								},
								"south": {
									"uv": [
										53,
										46
									],
									"uv_size": [
										3,
										0.5
									]
								},
								"west": {
									"uv": [
										62,
										43
									],
									"uv_size": [
										0.5,
										0.5
									]
								},
								"up": {
									"uv": [
										53,
										48
									],
									"uv_size": [
										3,
										0.5
									]
								},
								"down": {
									"uv": [
										53,
										50.5
									],
									"uv_size": [
										3,
										-0.5
									]
								}
							}
						},
						{
							"origin": [
								-1.5,
								19.9,
								-2.4
							],
							"size": [
								3,
								0.2,
								0.2
							],
							"uv": {
								"north": {
									"uv": [
										53,
										52
									],
									"uv_size": [
										3,
										0.5
									]
								},
								"east": {
									"uv": [
										62,
										45
									],
									"uv_size": [
										0.5,
										0.5
									]
								},
								"south": {
									"uv": [
										54,
										3
									],
									"uv_size": [
										3,
										0.5
									]
								},
								"west": {
									"uv": [
										62,
										47
									],
									"uv_size": [
										0.5,
										0.5
									]
								},
								"up": {
									"uv": [
										54,
										5
									],
									"uv_size": [
										3,
										0.5
									]
								},
								"down": {
									"uv": [
										54,
										7.5
									],
									"uv_size": [
										3,
										-0.5
									]
								}
							}
						},
						{
							"origin": [
								-1.5,
								19.5,
								-2.4
							],
							"size": [
								3,
								0.2,
								0.2
							],
							"uv": {
								"north": {
									"uv": [
										54,
										9
									],
									"uv_size": [
										3,
										0.5
									]
								},
								"east": {
									"uv": [
										62,
										49
									],
									"uv_size": [
										0.5,
										0.5
									]
								},
								"south": {
									"uv": [
										54,
										13
									],
									"uv_size": [
										3,
										0.5
									]
								},
								"west": {
									"uv": [
										52,
										62
									],
									"uv_size": [
										0.5,
										0.5
									]
								},
								"up": {
									"uv": [
										54,
										15
									],
									"uv_size": [
										3,
										0.5
									]
								},
								"down": {
									"uv": [
										54,
										17.5
									],
									"uv_size": [
										3,
										-0.5
									]
								}
							}
						},
						{
							"origin": [
								-1.5,
								19.1,
								-2.4
							],
							"size": [
								3,
								0.2,
								0.2
							],
							"uv": {
								"north": {
									"uv": [
										54,
										21
									],
									"uv_size": [
										3,
										0.5
									]
								},
								"east": {
									"uv": [
										54,
										62
									],
									"uv_size": [
										0.5,
										0.5
									]
								},
								"south": {
									"uv": [
										54,
										23
									],
									"uv_size": [
										3,
										0.5
									]
								},
								"west": {
									"uv": [
										56,
										62
									],
									"uv_size": [
										0.5,
										0.5
									]
								},
								"up": {
									"uv": [
										54,
										25
									],
									"uv_size": [
										3,
										0.5
									]
								},
								"down": {
									"uv": [
										54,
										27.5
									],
									"uv_size": [
										3,
										-0.5
									]
								}
							}
						},
						{
							"origin": [
								-1.5,
								18.7,
								-2.4
							],
							"size": [
								3,
								0.2,
								0.2
							],
							"uv": {
								"north": {
									"uv": [
										53,
										54
									],
									"uv_size": [
										3,
										0.5
									]
								},
								"east": {
									"uv": [
										60,
										62
									],
									"uv_size": [
										0.5,
										0.5
									]
								},
								"south": {
									"uv": [
										55,
										0
									],
									"uv_size": [
										3,
										0.5
									]
								},
								"west": {
									"uv": [
										62,
										62
									],
									"uv_size": [
										0.5,
										0.5
									]
								},
								"up": {
									"uv": [
										2,
										55
									],
									"uv_size": [
										3,
										0.5
									]
								},
								"down": {
									"uv": [
										6,
										55.5
									],
									"uv_size": [
										3,
										-0.5
									]
								}
							}
						},
						{
							"origin": [
								-1.5,
								20.3,
								-2.375
							],
							"size": [
								3,
								0.2,
								0.1
							],
							"pivot": [
								0,
								20,
								-2.375
							],
							"rotation": [
								0,
								0,
								90
							],
							"uv": {
								"north": {
									"uv": [
										57,
										35
									],
									"uv_size": [
										3,
										0.5
									]
								},
								"east": {
									"uv": [
										20,
										63
									],
									"uv_size": [
										0.5,
										0.5
									]
								},
								"south": {
									"uv": [
										57,
										37
									],
									"uv_size": [
										3,
										0.5
									]
								},
								"west": {
									"uv": [
										63,
										23
									],
									"uv_size": [
										0.5,
										0.5
									]
								},
								"up": {
									"uv": [
										38,
										57
									],
									"uv_size": [
										3,
										0.5
									]
								},
								"down": {
									"uv": [
										57,
										39.5
									],
									"uv_size": [
										3,
										-0.5
									]
								}
							}
						},
						{
							"origin": [
								-1.5,
								20.7,
								-2.375
							],
							"size": [
								3,
								0.2,
								0.1
							],
							"pivot": [
								0,
								20,
								-2.375
							],
							"rotation": [
								0,
								0,
								90
							],
							"uv": {
								"north": {
									"uv": [
										30,
										57
									],
									"uv_size": [
										3,
										0.5
									]
								},
								"east": {
									"uv": [
										18,
										63
									],
									"uv_size": [
										0.5,
										0.5
									]
								},
								"south": {
									"uv": [
										57,
										31
									],
									"uv_size": [
										3,
										0.5
									]
								},
								"west": {
									"uv": [
										63,
										18
									],
									"uv_size": [
										0.5,
										0.5
									]
								},
								"up": {
									"uv": [
										57,
										33
									],
									"uv_size": [
										3,
										0.5
									]
								},
								"down": {
									"uv": [
										34,
										57.5
									],
									"uv_size": [
										3,
										-0.5
									]
								}
							}
						},
						{
							"origin": [
								-1.5,
								21.1,
								-2.375
							],
							"size": [
								3,
								0.2,
								0.1
							],
							"pivot": [
								0,
								20,
								-2.375
							],
							"rotation": [
								0,
								0,
								90
							],
							"uv": {
								"north": {
									"uv": [
										4,
										57
									],
									"uv_size": [
										3,
										0.5
									]
								},
								"east": {
									"uv": [
										14,
										63
									],
									"uv_size": [
										0.5,
										0.5
									]
								},
								"south": {
									"uv": [
										8,
										57
									],
									"uv_size": [
										3,
										0.5
									]
								},
								"west": {
									"uv": [
										16,
										63
									],
									"uv_size": [
										0.5,
										0.5
									]
								},
								"up": {
									"uv": [
										12,
										57
									],
									"uv_size": [
										3,
										0.5
									]
								},
								"down": {
									"uv": [
										16,
										57.5
									],
									"uv_size": [
										3,
										-0.5
									]
								}
							}
						},
						{
							"origin": [
								-1.5,
								19.9,
								-2.375
							],
							"size": [
								3,
								0.2,
								0.1
							],
							"pivot": [
								0,
								20,
								-2.375
							],
							"rotation": [
								0,
								0,
								90
							],
							"uv": {
								"north": {
									"uv": [
										26,
										56
									],
									"uv_size": [
										3,
										0.5
									]
								},
								"east": {
									"uv": [
										10,
										63
									],
									"uv_size": [
										0.5,
										0.5
									]
								},
								"south": {
									"uv": [
										50,
										56
									],
									"uv_size": [
										3,
										0.5
									]
								},
								"west": {
									"uv": [
										12,
										63
									],
									"uv_size": [
										0.5,
										0.5
									]
								},
								"up": {
									"uv": [
										54,
										56
									],
									"uv_size": [
										3,
										0.5
									]
								},
								"down": {
									"uv": [
										0,
										57.5
									],
									"uv_size": [
										3,
										-0.5
									]
								}
							}
						},
						{
							"origin": [
								-1.5,
								19.5,
								-2.375
							],
							"size": [
								3,
								0.2,
								0.1
							],
							"pivot": [
								0,
								20,
								-2.375
							],
							"rotation": [
								0,
								0,
								90
							],
							"uv": {
								"north": {
									"uv": [
										42,
										55
									],
									"uv_size": [
										3,
										0.5
									]
								},
								"east": {
									"uv": [
										63,
										6
									],
									"uv_size": [
										0.5,
										0.5
									]
								},
								"south": {
									"uv": [
										46,
										55
									],
									"uv_size": [
										3,
										0.5
									]
								},
								"west": {
									"uv": [
										8,
										63
									],
									"uv_size": [
										0.5,
										0.5
									]
								},
								"up": {
									"uv": [
										56,
										11
									],
									"uv_size": [
										3,
										0.5
									]
								},
								"down": {
									"uv": [
										22,
										56.5
									],
									"uv_size": [
										3,
										-0.5
									]
								}
							}
						},
						{
							"origin": [
								-1.5,
								19.1,
								-2.375
							],
							"size": [
								3,
								0.2,
								0.1
							],
							"pivot": [
								0,
								20,
								-2.375
							],
							"rotation": [
								0,
								0,
								90
							],
							"uv": {
								"north": {
									"uv": [
										55,
										29
									],
									"uv_size": [
										3,
										0.5
									]
								},
								"east": {
									"uv": [
										4,
										63
									],
									"uv_size": [
										0.5,
										0.5
									]
								},
								"south": {
									"uv": [
										30,
										55
									],
									"uv_size": [
										3,
										0.5
									]
								},
								"west": {
									"uv": [
										6,
										63
									],
									"uv_size": [
										0.5,
										0.5
									]
								},
								"up": {
									"uv": [
										34,
										55
									],
									"uv_size": [
										3,
										0.5
									]
								},
								"down": {
									"uv": [
										38,
										55.5
									],
									"uv_size": [
										3,
										-0.5
									]
								}
							}
						},
						{
							"origin": [
								-1.5,
								18.7,
								-2.375
							],
							"size": [
								3,
								0.2,
								0.1
							],
							"pivot": [
								0,
								20,
								-2.375
							],
							"rotation": [
								0,
								0,
								90
							],
							"uv": {
								"north": {
									"uv": [
										10,
										55
									],
									"uv_size": [
										3,
										0.5
									]
								},
								"east": {
									"uv": [
										0,
										63
									],
									"uv_size": [
										0.5,
										0.5
									]
								},
								"south": {
									"uv": [
										14,
										55
									],
									"uv_size": [
										3,
										0.5
									]
								},
								"west": {
									"uv": [
										2,
										63
									],
									"uv_size": [
										0.5,
										0.5
									]
								},
								"up": {
									"uv": [
										18,
										55
									],
									"uv_size": [
										3,
										0.5
									]
								},
								"down": {
									"uv": [
										55,
										19.5
									],
									"uv_size": [
										3,
										-0.5
									]
								}
							}
						},
						{
							"origin": [
								-2,
								18.1,
								-2.325
							],
							"size": [
								4,
								4,
								0
							],
							"uv": {
								"north": {
									"uv": [
										32,
										10
									],
									"uv_size": [
										4,
										4
									]
								},
								"east": {
									"uv": [
										49,
										61
									],
									"uv_size": [
										0,
										4
									]
								},
								"south": {
									"uv": [
										32,
										15
									],
									"uv_size": [
										4,
										4
									]
								},
								"west": {
									"uv": [
										63,
										36
									],
									"uv_size": [
										0,
										4
									]
								},
								"up": {
									"uv": [
										38,
										63
									],
									"uv_size": [
										4,
										0
									]
								},
								"down": {
									"uv": [
										43,
										63
									],
									"uv_size": [
										4,
										0
									]
								}
							}
						}
					]
				},
				{
					"name": "RightArm",
					"pivot": [
						-5,
						22,
						0
					],
					"cubes": [
						{
							"origin": [
								-8.1,
								11.8,
								-2.1
							],
							"size": [
								4.2,
								12.4,
								4.2
							],
							"inflate": 0.25,
							"uv": {
								"north": {
									"uv": [
										0,
										0
									],
									"uv_size": [
										4,
										12.5
									]
								},
								"east": {
									"uv": [
										5,
										0
									],
									"uv_size": [
										4,
										12.5
									]
								},
								"south": {
									"uv": [
										10,
										0
									],
									"uv_size": [
										4,
										12.5
									]
								},
								"west": {
									"uv": [
										0,
										14
									],
									"uv_size": [
										4,
										12.5
									]
								},
								"up": {
									"uv": [
										30,
										22
									],
									"uv_size": [
										4,
										4
									]
								},
								"down": {
									"uv": [
										30,
										31
									],
									"uv_size": [
										4,
										-4
									]
								}
							}
						}
					]
				},
				{
					"name": "LeftArm",
					"pivot": [
						5,
						22,
						0
					],
					"cubes": [
						{
							"origin": [
								3.9,
								11.8,
								-2.1
							],
							"size": [
								4.2,
								12.4,
								4.2
							],
							"inflate": 0.25,
							"uv": {
								"north": {
									"uv": [
										5,
										14
									],
									"uv_size": [
										4,
										12.5
									]
								},
								"east": {
									"uv": [
										10,
										14
									],
									"uv_size": [
										4,
										12.5
									]
								},
								"south": {
									"uv": [
										15,
										0
									],
									"uv_size": [
										4,
										12.5
									]
								},
								"west": {
									"uv": [
										15,
										14
									],
									"uv_size": [
										4,
										12.5
									]
								},
								"up": {
									"uv": [
										32,
										0
									],
									"uv_size": [
										4,
										4
									]
								},
								"down": {
									"uv": [
										32,
										9
									],
									"uv_size": [
										4,
										-4
									]
								}
							}
						}
					]
				}
			]
		}
	]
}