{
	"format_version": "1.12.0",
	"minecraft:geometry": [
		{
			"description": {
				"identifier": "geometry.redst_comp.boots",
				"texture_width": 32,
				"texture_height": 32,
				"visible_bounds_width": 2,
				"visible_bounds_height": 2.5,
				"visible_bounds_offset": [
					0,
					0.75,
					0
				]
			},
			"bones": [
				{
					"name": "RightLeg",
					"pivot": [
						-1.9,
						12,
						0
					],
					"cubes": [
						{
							"origin": [
								-4,
								-0.1,
								-2.1
							],
							"size": [
								4.2,
								12.2,
								4.2
							],
							"inflate": 0.251,
							"uv": {
								"north": {
									"uv": [
										0,
										0
									],
									"uv_size": [
										4,
										12
									]
								},
								"east": {
									"uv": [
										4,
										0
									],
									"uv_size": [
										4,
										12
									]
								},
								"south": {
									"uv": [
										8,
										0
									],
									"uv_size": [
										4,
										12
									]
								},
								"west": {
									"uv": [
										0,
										12
									],
									"uv_size": [
										4,
										12
									]
								},
								"up": {
									"uv": [
										16,
										0
									],
									"uv_size": [
										4,
										4
									]
								},
								"down": {
									"uv": [
										16,
										8
									],
									"uv_size": [
										4,
										-4
									]
								}
							}
						}
					]
				},
				{
					"name": "LeftLeg",
					"pivot": [
						1.9,
						12,
						0
					],
					"cubes": [
						{
							"origin": [
								-0.2,
								-0.1,
								-2.1
							],
							"size": [
								4.2,
								12.2,
								4.2
							],
							"inflate": 0.25,
							"uv": {
								"north": {
									"uv": [
										12,
										0
									],
									"uv_size": [
										4,
										12
									]
								},
								"east": {
									"uv": [
										4,
										12
									],
									"uv_size": [
										4,
										12
									]
								},
								"south": {
									"uv": [
										8,
										12
									],
									"uv_size": [
										4,
										12
									]
								},
								"west": {
									"uv": [
										12,
										12
									],
									"uv_size": [
										4,
										12
									]
								},
								"up": {
									"uv": [
										16,
										8
									],
									"uv_size": [
										4,
										4
									]
								},
								"down": {
									"uv": [
										16,
										16
									],
									"uv_size": [
										4,
										-4
									]
								}
							}
						}
					]
				}
			]
		}
	]
}