{
	"format_version": "1.19.0",
	"minecraft:geometry": [
		{
			"description": {
				"identifier": "geometry.spiritpiercer",
				"texture_width": 32,
				"texture_height": 32,
				"visible_bounds_width": 2,
				"visible_bounds_height": 2.5,
				"visible_bounds_offset": [
					0,
					0.75,
					0
				]
			},
			"bones": [
				{
					"name": "rightitem",
					"pivot": [
						0,
						0,
						0
					],
					"cubes": [
						{
							"origin": [
								-1,
								-4,
								-1
							],
							"size": [
								2,
								2,
								2
							],
							"uv": {
								"north": {
									"uv": [
										11,
										9
									],
									"uv_size": [
										2,
										2
									]
								},
								"east": {
									"uv": [
										11,
										11
									],
									"uv_size": [
										2,
										2
									]
								},
								"south": {
									"uv": [
										12,
										0
									],
									"uv_size": [
										2,
										2
									]
								},
								"west": {
									"uv": [
										12,
										2
									],
									"uv_size": [
										2,
										2
									]
								},
								"up": {
									"uv": [
										13,
										9
									],
									"uv_size": [
										2,
										2
									]
								},
								"down": {
									"uv": [
										11,
										15
									],
									"uv_size": [
										2,
										-2
									]
								}
							}
						},
						{
							"origin": [
								-0.5,
								-2,
								-0.5
							],
							"size": [
								1,
								5,
								1
							],
							"uv": {
								"north": {
									"uv": [
										10,
										0
									],
									"uv_size": [
										1,
										5
									]
								},
								"east": {
									"uv": [
										10,
										5
									],
									"uv_size": [
										1,
										5
									]
								},
								"south": {
									"uv": [
										10,
										10
									],
									"uv_size": [
										1,
										5
									]
								},
								"west": {
									"uv": [
										11,
										0
									],
									"uv_size": [
										1,
										5
									]
								},
								"up": {
									"uv": [
										15,
										4
									],
									"uv_size": [
										1,
										1
									]
								},
								"down": {
									"uv": [
										12,
										16
									],
									"uv_size": [
										1,
										-1
									]
								}
							}
						},
						{
							"origin": [
								-2.5,
								3,
								-0.5
							],
							"size": [
								5,
								1,
								1
							],
							"uv": {
								"north": {
									"uv": [
										11,
										5
									],
									"uv_size": [
										5,
										1
									]
								},
								"east": {
									"uv": [
										18,
										5
									],
									"uv_size": [
										1,
										1
									]
								},
								"south": {
									"uv": [
										11,
										6
									],
									"uv_size": [
										5,
										1
									]
								},
								"west": {
									"uv": [
										18,
										6
									],
									"uv_size": [
										1,
										1
									]
								},
								"up": {
									"uv": [
										11,
										7
									],
									"uv_size": [
										5,
										1
									]
								},
								"down": {
									"uv": [
										11,
										9
									],
									"uv_size": [
										5,
										-1
									]
								}
							}
						},
						{
							"origin": [
								-1.9,
								4,
								0
							],
							"size": [
								5,
								19,
								0
							],
							"uv": {
								"north": {
									"uv": [
										0,
										0
									],
									"uv_size": [
										5,
										19
									]
								},
								"east": {
									"uv": [
										0,
										0
									],
									"uv_size": [
										0,
										19
									]
								},
								"south": {
									"uv": [
										5,
										0
									],
									"uv_size": [
										5,
										19
									]
								},
								"west": {
									"uv": [
										0,
										0
									],
									"uv_size": [
										0,
										19
									]
								},
								"up": {
									"uv": [
										0,
										0
									],
									"uv_size": [
										5,
										0
									]
								},
								"down": {
									"uv": [
										0,
										0
									],
									"uv_size": [
										5,
										0
									]
								}
							}
						},
						{
							"origin": [
								-4.5,
								4,
								-0.5
							],
							"size": [
								3,
								1,
								1
							],
							"uv": {
								"north": {
									"uv": [
										12,
										4
									],
									"uv_size": [
										3,
										1
									]
								},
								"east": {
									"uv": [
										18,
										7
									],
									"uv_size": [
										1,
										1
									]
								},
								"south": {
									"uv": [
										13,
										11
									],
									"uv_size": [
										3,
										1
									]
								},
								"west": {
									"uv": [
										18,
										8
									],
									"uv_size": [
										1,
										1
									]
								},
								"up": {
									"uv": [
										13,
										12
									],
									"uv_size": [
										3,
										1
									]
								},
								"down": {
									"uv": [
										13,
										14
									],
									"uv_size": [
										3,
										-1
									]
								}
							}
						},
						{
							"origin": [
								-5.5,
								5,
								-0.5
							],
							"size": [
								2,
								1,
								1
							],
							"uv": {
								"north": {
									"uv": [
										16,
										8
									],
									"uv_size": [
										2,
										1
									]
								},
								"east": {
									"uv": [
										18,
										11
									],
									"uv_size": [
										1,
										1
									]
								},
								"south": {
									"uv": [
										16,
										13
									],
									"uv_size": [
										2,
										1
									]
								},
								"west": {
									"uv": [
										12,
										18
									],
									"uv_size": [
										1,
										1
									]
								},
								"up": {
									"uv": [
										17,
										9
									],
									"uv_size": [
										2,
										1
									]
								},
								"down": {
									"uv": [
										10,
										18
									],
									"uv_size": [
										2,
										-1
									]
								}
							}
						},
						{
							"origin": [
								3.5,
								5,
								-0.5
							],
							"size": [
								2,
								1,
								1
							],
							"uv": {
								"north": {
									"uv": [
										17,
										10
									],
									"uv_size": [
										2,
										1
									]
								},
								"east": {
									"uv": [
										18,
										12
									],
									"uv_size": [
										1,
										1
									]
								},
								"south": {
									"uv": [
										17,
										14
									],
									"uv_size": [
										2,
										1
									]
								},
								"west": {
									"uv": [
										13,
										18
									],
									"uv_size": [
										1,
										1
									]
								},
								"up": {
									"uv": [
										17,
										15
									],
									"uv_size": [
										2,
										1
									]
								},
								"down": {
									"uv": [
										18,
										5
									],
									"uv_size": [
										2,
										-1
									]
								}
							}
						},
						{
							"origin": [
								5.5,
								5.8,
								-0.5
							],
							"size": [
								1,
								1,
								1
							],
							"inflate": 0.2,
							"uv": {
								"north": {
									"uv": [
										18,
										13
									],
									"uv_size": [
										1,
										1
									]
								},
								"east": {
									"uv": [
										14,
										18
									],
									"uv_size": [
										1,
										1
									]
								},
								"south": {
									"uv": [
										15,
										18
									],
									"uv_size": [
										1,
										1
									]
								},
								"west": {
									"uv": [
										16,
										18
									],
									"uv_size": [
										1,
										1
									]
								},
								"up": {
									"uv": [
										18,
										16
									],
									"uv_size": [
										1,
										1
									]
								},
								"down": {
									"uv": [
										17,
										19
									],
									"uv_size": [
										1,
										-1
									]
								}
							}
						},
						{
							"origin": [
								-6.5,
								5.8,
								-0.5
							],
							"size": [
								1,
								1,
								1
							],
							"inflate": 0.2,
							"uv": {
								"north": {
									"uv": [
										18,
										17
									],
									"uv_size": [
										1,
										1
									]
								},
								"east": {
									"uv": [
										18,
										18
									],
									"uv_size": [
										1,
										1
									]
								},
								"south": {
									"uv": [
										0,
										19
									],
									"uv_size": [
										1,
										1
									]
								},
								"west": {
									"uv": [
										19,
										0
									],
									"uv_size": [
										1,
										1
									]
								},
								"up": {
									"uv": [
										1,
										19
									],
									"uv_size": [
										1,
										1
									]
								},
								"down": {
									"uv": [
										19,
										2
									],
									"uv_size": [
										1,
										-1
									]
								}
							}
						},
						{
							"origin": [
								1.5,
								4,
								-0.5
							],
							"size": [
								3,
								1,
								1
							],
							"uv": {
								"north": {
									"uv": [
										14,
										0
									],
									"uv_size": [
										3,
										1
									]
								},
								"east": {
									"uv": [
										10,
										18
									],
									"uv_size": [
										1,
										1
									]
								},
								"south": {
									"uv": [
										14,
										1
									],
									"uv_size": [
										3,
										1
									]
								},
								"west": {
									"uv": [
										11,
										18
									],
									"uv_size": [
										1,
										1
									]
								},
								"up": {
									"uv": [
										14,
										2
									],
									"uv_size": [
										3,
										1
									]
								},
								"down": {
									"uv": [
										14,
										4
									],
									"uv_size": [
										3,
										-1
									]
								}
							}
						},
						{
							"origin": [
								-0.7,
								-2,
								-0.7
							],
							"size": [
								1.4,
								0.2,
								1.4
							],
							"uv": {
								"north": {
									"uv": [
										2,
										19
									],
									"uv_size": [
										1.5,
										0.5
									]
								},
								"east": {
									"uv": [
										19,
										2
									],
									"uv_size": [
										1.5,
										0.5
									]
								},
								"south": {
									"uv": [
										19,
										3
									],
									"uv_size": [
										1.5,
										0.5
									]
								},
								"west": {
									"uv": [
										4,
										19
									],
									"uv_size": [
										1.5,
										0.5
									]
								},
								"up": {
									"uv": [
										13,
										14
									],
									"uv_size": [
										1.5,
										1.5
									]
								},
								"down": {
									"uv": [
										15,
										10.5
									],
									"uv_size": [
										1.5,
										-1.5
									]
								}
							}
						},
						{
							"origin": [
								-0.8,
								-2,
								-0.5
							],
							"size": [
								0.1,
								0.2,
								1
							],
							"uv": {
								"north": {
									"uv": [
										23,
										20
									],
									"uv_size": [
										0.5,
										0.5
									]
								},
								"east": {
									"uv": [
										9,
										22
									],
									"uv_size": [
										1,
										0.5
									]
								},
								"south": {
									"uv": [
										21,
										23
									],
									"uv_size": [
										0.5,
										0.5
									]
								},
								"west": {
									"uv": [
										22,
										9
									],
									"uv_size": [
										1,
										0.5
									]
								},
								"up": {
									"uv": [
										10,
										22
									],
									"uv_size": [
										0.5,
										1
									]
								},
								"down": {
									"uv": [
										22,
										11
									],
									"uv_size": [
										0.5,
										-1
									]
								}
							}
						},
						{
							"origin": [
								-0.6,
								-1.8,
								-0.4
							],
							"size": [
								0.1,
								0.2,
								0.8
							],
							"uv": {
								"north": {
									"uv": [
										1,
										24
									],
									"uv_size": [
										0.5,
										0.5
									]
								},
								"east": {
									"uv": [
										17,
										22
									],
									"uv_size": [
										1,
										0.5
									]
								},
								"south": {
									"uv": [
										24,
										1
									],
									"uv_size": [
										0.5,
										0.5
									]
								},
								"west": {
									"uv": [
										22,
										17
									],
									"uv_size": [
										1,
										0.5
									]
								},
								"up": {
									"uv": [
										18,
										22
									],
									"uv_size": [
										0.5,
										1
									]
								},
								"down": {
									"uv": [
										22,
										19
									],
									"uv_size": [
										0.5,
										-1
									]
								}
							}
						},
						{
							"origin": [
								0.7,
								-2,
								-0.5
							],
							"size": [
								0.1,
								0.2,
								1
							],
							"uv": {
								"north": {
									"uv": [
										23,
										21
									],
									"uv_size": [
										0.5,
										0.5
									]
								},
								"east": {
									"uv": [
										11,
										22
									],
									"uv_size": [
										1,
										0.5
									]
								},
								"south": {
									"uv": [
										22,
										23
									],
									"uv_size": [
										0.5,
										0.5
									]
								},
								"west": {
									"uv": [
										22,
										11
									],
									"uv_size": [
										1,
										0.5
									]
								},
								"up": {
									"uv": [
										12,
										22
									],
									"uv_size": [
										0.5,
										1
									]
								},
								"down": {
									"uv": [
										22,
										13
									],
									"uv_size": [
										0.5,
										-1
									]
								}
							}
						},
						{
							"origin": [
								0.5,
								-1.8,
								-0.4
							],
							"size": [
								0.1,
								0.2,
								0.8
							],
							"uv": {
								"north": {
									"uv": [
										23,
										22
									],
									"uv_size": [
										0.5,
										0.5
									]
								},
								"east": {
									"uv": [
										13,
										22
									],
									"uv_size": [
										1,
										0.5
									]
								},
								"south": {
									"uv": [
										23,
										23
									],
									"uv_size": [
										0.5,
										0.5
									]
								},
								"west": {
									"uv": [
										22,
										13
									],
									"uv_size": [
										1,
										0.5
									]
								},
								"up": {
									"uv": [
										14,
										22
									],
									"uv_size": [
										0.5,
										1
									]
								},
								"down": {
									"uv": [
										22,
										15
									],
									"uv_size": [
										0.5,
										-1
									]
								}
							}
						},
						{
							"origin": [
								-0.5,
								-2,
								-0.8
							],
							"size": [
								1,
								0.2,
								0.1
							],
							"uv": {
								"north": {
									"uv": [
										5,
										22
									],
									"uv_size": [
										1,
										0.5
									]
								},
								"east": {
									"uv": [
										23,
										18
									],
									"uv_size": [
										0.5,
										0.5
									]
								},
								"south": {
									"uv": [
										22,
										5
									],
									"uv_size": [
										1,
										0.5
									]
								},
								"west": {
									"uv": [
										19,
										23
									],
									"uv_size": [
										0.5,
										0.5
									]
								},
								"up": {
									"uv": [
										6,
										22
									],
									"uv_size": [
										1,
										0.5
									]
								},
								"down": {
									"uv": [
										22,
										6.5
									],
									"uv_size": [
										1,
										-0.5
									]
								}
							}
						},
						{
							"origin": [
								-0.4,
								-1.8,
								-0.6
							],
							"size": [
								0.8,
								0.2,
								0.1
							],
							"uv": {
								"north": {
									"uv": [
										15,
										22
									],
									"uv_size": [
										1,
										0.5
									]
								},
								"east": {
									"uv": [
										0,
										24
									],
									"uv_size": [
										0.5,
										0.5
									]
								},
								"south": {
									"uv": [
										22,
										15
									],
									"uv_size": [
										1,
										0.5
									]
								},
								"west": {
									"uv": [
										24,
										0
									],
									"uv_size": [
										0.5,
										0.5
									]
								},
								"up": {
									"uv": [
										16,
										22
									],
									"uv_size": [
										1,
										0.5
									]
								},
								"down": {
									"uv": [
										22,
										16.5
									],
									"uv_size": [
										1,
										-0.5
									]
								}
							}
						},
						{
							"origin": [
								-0.5,
								-2,
								0.7
							],
							"size": [
								1,
								0.2,
								0.1
							],
							"uv": {
								"north": {
									"uv": [
										7,
										22
									],
									"uv_size": [
										1,
										0.5
									]
								},
								"east": {
									"uv": [
										23,
										19
									],
									"uv_size": [
										0.5,
										0.5
									]
								},
								"south": {
									"uv": [
										22,
										7
									],
									"uv_size": [
										1,
										0.5
									]
								},
								"west": {
									"uv": [
										20,
										23
									],
									"uv_size": [
										0.5,
										0.5
									]
								},
								"up": {
									"uv": [
										8,
										22
									],
									"uv_size": [
										1,
										0.5
									]
								},
								"down": {
									"uv": [
										22,
										8.5
									],
									"uv_size": [
										1,
										-0.5
									]
								}
							}
						},
						{
							"origin": [
								-0.4,
								-1.8,
								0.5
							],
							"size": [
								0.8,
								0.2,
								0.1
							],
							"uv": {
								"north": {
									"uv": [
										19,
										22
									],
									"uv_size": [
										1,
										0.5
									]
								},
								"east": {
									"uv": [
										2,
										24
									],
									"uv_size": [
										0.5,
										0.5
									]
								},
								"south": {
									"uv": [
										22,
										19
									],
									"uv_size": [
										1,
										0.5
									]
								},
								"west": {
									"uv": [
										24,
										2
									],
									"uv_size": [
										0.5,
										0.5
									]
								},
								"up": {
									"uv": [
										20,
										22
									],
									"uv_size": [
										1,
										0.5
									]
								},
								"down": {
									"uv": [
										22,
										20.5
									],
									"uv_size": [
										1,
										-0.5
									]
								}
							}
						},
						{
							"origin": [
								-0.8,
								-4.2,
								-0.8
							],
							"size": [
								1.6,
								0.2,
								1.6
							],
							"uv": {
								"north": {
									"uv": [
										19,
										5
									],
									"uv_size": [
										1.5,
										0.5
									]
								},
								"east": {
									"uv": [
										6,
										19
									],
									"uv_size": [
										1.5,
										0.5
									]
								},
								"south": {
									"uv": [
										19,
										6
									],
									"uv_size": [
										1.5,
										0.5
									]
								},
								"west": {
									"uv": [
										19,
										7
									],
									"uv_size": [
										1.5,
										0.5
									]
								},
								"up": {
									"uv": [
										10,
										15
									],
									"uv_size": [
										1.5,
										1.5
									]
								},
								"down": {
									"uv": [
										15,
										15.5
									],
									"uv_size": [
										1.5,
										-1.5
									]
								}
							}
						},
						{
							"origin": [
								-0.6,
								-4.2,
								-0.9
							],
							"size": [
								1.2,
								0.2,
								0.1
							],
							"uv": {
								"north": {
									"uv": [
										1,
										22
									],
									"uv_size": [
										1,
										0.5
									]
								},
								"east": {
									"uv": [
										23,
										16
									],
									"uv_size": [
										0.5,
										0.5
									]
								},
								"south": {
									"uv": [
										22,
										1
									],
									"uv_size": [
										1,
										0.5
									]
								},
								"west": {
									"uv": [
										17,
										23
									],
									"uv_size": [
										0.5,
										0.5
									]
								},
								"up": {
									"uv": [
										2,
										22
									],
									"uv_size": [
										1,
										0.5
									]
								},
								"down": {
									"uv": [
										22,
										2.5
									],
									"uv_size": [
										1,
										-0.5
									]
								}
							}
						},
						{
							"origin": [
								-0.6,
								-4.2,
								0.8
							],
							"size": [
								1.2,
								0.2,
								0.1
							],
							"uv": {
								"north": {
									"uv": [
										3,
										22
									],
									"uv_size": [
										1,
										0.5
									]
								},
								"east": {
									"uv": [
										23,
										17
									],
									"uv_size": [
										0.5,
										0.5
									]
								},
								"south": {
									"uv": [
										22,
										3
									],
									"uv_size": [
										1,
										0.5
									]
								},
								"west": {
									"uv": [
										18,
										23
									],
									"uv_size": [
										0.5,
										0.5
									]
								},
								"up": {
									"uv": [
										4,
										22
									],
									"uv_size": [
										1,
										0.5
									]
								},
								"down": {
									"uv": [
										22,
										4.5
									],
									"uv_size": [
										1,
										-0.5
									]
								}
							}
						},
						{
							"origin": [
								-0.9,
								-4.2,
								-0.6
							],
							"size": [
								0.1,
								0.2,
								1.2
							],
							"uv": {
								"north": {
									"uv": [
										23,
										14
									],
									"uv_size": [
										0.5,
										0.5
									]
								},
								"east": {
									"uv": [
										21,
										18
									],
									"uv_size": [
										1,
										0.5
									]
								},
								"south": {
									"uv": [
										15,
										23
									],
									"uv_size": [
										0.5,
										0.5
									]
								},
								"west": {
									"uv": [
										19,
										21
									],
									"uv_size": [
										1,
										0.5
									]
								},
								"up": {
									"uv": [
										21,
										19
									],
									"uv_size": [
										0.5,
										1
									]
								},
								"down": {
									"uv": [
										20,
										22
									],
									"uv_size": [
										0.5,
										-1
									]
								}
							}
						},
						{
							"origin": [
								0.8,
								-4.2,
								-0.6
							],
							"size": [
								0.1,
								0.2,
								1.2
							],
							"uv": {
								"north": {
									"uv": [
										23,
										15
									],
									"uv_size": [
										0.5,
										0.5
									]
								},
								"east": {
									"uv": [
										21,
										20
									],
									"uv_size": [
										1,
										0.5
									]
								},
								"south": {
									"uv": [
										16,
										23
									],
									"uv_size": [
										0.5,
										0.5
									]
								},
								"west": {
									"uv": [
										21,
										21
									],
									"uv_size": [
										1,
										0.5
									]
								},
								"up": {
									"uv": [
										0,
										22
									],
									"uv_size": [
										0.5,
										1
									]
								},
								"down": {
									"uv": [
										22,
										1
									],
									"uv_size": [
										0.5,
										-1
									]
								}
							}
						},
						{
							"origin": [
								-0.8,
								-3.8,
								-1.2
							],
							"size": [
								1.6,
								1.6,
								0.2
							],
							"uv": {
								"north": {
									"uv": [
										16,
										4
									],
									"uv_size": [
										1.5,
										1.5
									]
								},
								"east": {
									"uv": [
										8,
										19
									],
									"uv_size": [
										0.5,
										1.5
									]
								},
								"south": {
									"uv": [
										16,
										6
									],
									"uv_size": [
										1.5,
										1.5
									]
								},
								"west": {
									"uv": [
										19,
										8
									],
									"uv_size": [
										0.5,
										1.5
									]
								},
								"up": {
									"uv": [
										9,
										19
									],
									"uv_size": [
										1.5,
										0.5
									]
								},
								"down": {
									"uv": [
										19,
										10.5
									],
									"uv_size": [
										1.5,
										-0.5
									]
								}
							}
						},
						{
							"origin": [
								-0.8,
								-3.8,
								1
							],
							"size": [
								1.6,
								1.6,
								0.2
							],
							"uv": {
								"north": {
									"uv": [
										16,
										11
									],
									"uv_size": [
										1.5,
										1.5
									]
								},
								"east": {
									"uv": [
										11,
										19
									],
									"uv_size": [
										0.5,
										1.5
									]
								},
								"south": {
									"uv": [
										12,
										16
									],
									"uv_size": [
										1.5,
										1.5
									]
								},
								"west": {
									"uv": [
										19,
										11
									],
									"uv_size": [
										0.5,
										1.5
									]
								},
								"up": {
									"uv": [
										12,
										19
									],
									"uv_size": [
										1.5,
										0.5
									]
								},
								"down": {
									"uv": [
										19,
										13.5
									],
									"uv_size": [
										1.5,
										-0.5
									]
								}
							}
						},
						{
							"origin": [
								0.8,
								-3.6,
								1
							],
							"size": [
								0.1,
								1.2,
								0.2
							],
							"uv": {
								"north": {
									"uv": [
										21,
										6
									],
									"uv_size": [
										0.5,
										1
									]
								},
								"east": {
									"uv": [
										7,
										21
									],
									"uv_size": [
										0.5,
										1
									]
								},
								"south": {
									"uv": [
										21,
										7
									],
									"uv_size": [
										0.5,
										1
									]
								},
								"west": {
									"uv": [
										8,
										21
									],
									"uv_size": [
										0.5,
										1
									]
								},
								"up": {
									"uv": [
										23,
										8
									],
									"uv_size": [
										0.5,
										0.5
									]
								},
								"down": {
									"uv": [
										9,
										23.5
									],
									"uv_size": [
										0.5,
										-0.5
									]
								}
							}
						},
						{
							"origin": [
								-0.9,
								-3.6,
								1
							],
							"size": [
								0.1,
								1.2,
								0.2
							],
							"uv": {
								"north": {
									"uv": [
										21,
										8
									],
									"uv_size": [
										0.5,
										1
									]
								},
								"east": {
									"uv": [
										9,
										21
									],
									"uv_size": [
										0.5,
										1
									]
								},
								"south": {
									"uv": [
										21,
										9
									],
									"uv_size": [
										0.5,
										1
									]
								},
								"west": {
									"uv": [
										10,
										21
									],
									"uv_size": [
										0.5,
										1
									]
								},
								"up": {
									"uv": [
										23,
										9
									],
									"uv_size": [
										0.5,
										0.5
									]
								},
								"down": {
									"uv": [
										10,
										23.5
									],
									"uv_size": [
										0.5,
										-0.5
									]
								}
							}
						},
						{
							"origin": [
								-0.6,
								-2.2,
								1
							],
							"size": [
								1.2,
								0.1,
								0.2
							],
							"uv": {
								"north": {
									"uv": [
										0,
										20
									],
									"uv_size": [
										1,
										0.5
									]
								},
								"east": {
									"uv": [
										21,
										22
									],
									"uv_size": [
										0.5,
										0.5
									]
								},
								"south": {
									"uv": [
										20,
										0
									],
									"uv_size": [
										1,
										0.5
									]
								},
								"west": {
									"uv": [
										22,
										21
									],
									"uv_size": [
										0.5,
										0.5
									]
								},
								"up": {
									"uv": [
										1,
										20
									],
									"uv_size": [
										1,
										0.5
									]
								},
								"down": {
									"uv": [
										20,
										1.5
									],
									"uv_size": [
										1,
										-0.5
									]
								}
							}
						},
						{
							"origin": [
								-0.6,
								-3.9,
								1
							],
							"size": [
								1.2,
								0.1,
								0.2
							],
							"uv": {
								"north": {
									"uv": [
										2,
										20
									],
									"uv_size": [
										1,
										0.5
									]
								},
								"east": {
									"uv": [
										22,
										22
									],
									"uv_size": [
										0.5,
										0.5
									]
								},
								"south": {
									"uv": [
										3,
										20
									],
									"uv_size": [
										1,
										0.5
									]
								},
								"west": {
									"uv": [
										0,
										23
									],
									"uv_size": [
										0.5,
										0.5
									]
								},
								"up": {
									"uv": [
										4,
										20
									],
									"uv_size": [
										1,
										0.5
									]
								},
								"down": {
									"uv": [
										20,
										4.5
									],
									"uv_size": [
										1,
										-0.5
									]
								}
							}
						},
						{
							"origin": [
								-0.6,
								-3.9,
								-1.2
							],
							"size": [
								1.2,
								0.1,
								0.2
							],
							"uv": {
								"north": {
									"uv": [
										5,
										20
									],
									"uv_size": [
										1,
										0.5
									]
								},
								"east": {
									"uv": [
										23,
										0
									],
									"uv_size": [
										0.5,
										0.5
									]
								},
								"south": {
									"uv": [
										6,
										20
									],
									"uv_size": [
										1,
										0.5
									]
								},
								"west": {
									"uv": [
										1,
										23
									],
									"uv_size": [
										0.5,
										0.5
									]
								},
								"up": {
									"uv": [
										7,
										20
									],
									"uv_size": [
										1,
										0.5
									]
								},
								"down": {
									"uv": [
										20,
										8.5
									],
									"uv_size": [
										1,
										-0.5
									]
								}
							}
						},
						{
							"origin": [
								-0.6,
								-2.2,
								-1.2
							],
							"size": [
								1.2,
								0.1,
								0.2
							],
							"uv": {
								"north": {
									"uv": [
										9,
										20
									],
									"uv_size": [
										1,
										0.5
									]
								},
								"east": {
									"uv": [
										23,
										1
									],
									"uv_size": [
										0.5,
										0.5
									]
								},
								"south": {
									"uv": [
										20,
										9
									],
									"uv_size": [
										1,
										0.5
									]
								},
								"west": {
									"uv": [
										2,
										23
									],
									"uv_size": [
										0.5,
										0.5
									]
								},
								"up": {
									"uv": [
										10,
										20
									],
									"uv_size": [
										1,
										0.5
									]
								},
								"down": {
									"uv": [
										20,
										11.5
									],
									"uv_size": [
										1,
										-0.5
									]
								}
							}
						},
						{
							"origin": [
								-0.9,
								-3.5,
								-1.2
							],
							"size": [
								0.1,
								1.1,
								0.2
							],
							"uv": {
								"north": {
									"uv": [
										12,
										20
									],
									"uv_size": [
										0.5,
										1
									]
								},
								"east": {
									"uv": [
										20,
										12
									],
									"uv_size": [
										0.5,
										1
									]
								},
								"south": {
									"uv": [
										13,
										20
									],
									"uv_size": [
										0.5,
										1
									]
								},
								"west": {
									"uv": [
										20,
										14
									],
									"uv_size": [
										0.5,
										1
									]
								},
								"up": {
									"uv": [
										23,
										2
									],
									"uv_size": [
										0.5,
										0.5
									]
								},
								"down": {
									"uv": [
										3,
										23.5
									],
									"uv_size": [
										0.5,
										-0.5
									]
								}
							}
						},
						{
							"origin": [
								0.8,
								-3.5,
								-1.2
							],
							"size": [
								0.1,
								1.1,
								0.2
							],
							"uv": {
								"north": {
									"uv": [
										20,
										15
									],
									"uv_size": [
										0.5,
										1
									]
								},
								"east": {
									"uv": [
										20,
										16
									],
									"uv_size": [
										0.5,
										1
									]
								},
								"south": {
									"uv": [
										20,
										17
									],
									"uv_size": [
										0.5,
										1
									]
								},
								"west": {
									"uv": [
										20,
										18
									],
									"uv_size": [
										0.5,
										1
									]
								},
								"up": {
									"uv": [
										23,
										3
									],
									"uv_size": [
										0.5,
										0.5
									]
								},
								"down": {
									"uv": [
										4,
										23.5
									],
									"uv_size": [
										0.5,
										-0.5
									]
								}
							}
						},
						{
							"origin": [
								1,
								-3.8,
								-0.8
							],
							"size": [
								0.2,
								1.6,
								1.6
							],
							"uv": {
								"north": {
									"uv": [
										14,
										19
									],
									"uv_size": [
										0.5,
										1.5
									]
								},
								"east": {
									"uv": [
										14,
										16
									],
									"uv_size": [
										1.5,
										1.5
									]
								},
								"south": {
									"uv": [
										19,
										14
									],
									"uv_size": [
										0.5,
										1.5
									]
								},
								"west": {
									"uv": [
										16,
										16
									],
									"uv_size": [
										1.5,
										1.5
									]
								},
								"up": {
									"uv": [
										15,
										19
									],
									"uv_size": [
										0.5,
										1.5
									]
								},
								"down": {
									"uv": [
										16,
										20.5
									],
									"uv_size": [
										0.5,
										-1.5
									]
								}
							}
						},
						{
							"origin": [
								1,
								-3.6,
								-0.9
							],
							"size": [
								0.2,
								1.2,
								0.1
							],
							"uv": {
								"north": {
									"uv": [
										21,
										10
									],
									"uv_size": [
										0.5,
										1
									]
								},
								"east": {
									"uv": [
										11,
										21
									],
									"uv_size": [
										0.5,
										1
									]
								},
								"south": {
									"uv": [
										21,
										11
									],
									"uv_size": [
										0.5,
										1
									]
								},
								"west": {
									"uv": [
										12,
										21
									],
									"uv_size": [
										0.5,
										1
									]
								},
								"up": {
									"uv": [
										23,
										10
									],
									"uv_size": [
										0.5,
										0.5
									]
								},
								"down": {
									"uv": [
										11,
										23.5
									],
									"uv_size": [
										0.5,
										-0.5
									]
								}
							}
						},
						{
							"origin": [
								1,
								-3.6,
								0.8
							],
							"size": [
								0.2,
								1.2,
								0.1
							],
							"uv": {
								"north": {
									"uv": [
										21,
										12
									],
									"uv_size": [
										0.5,
										1
									]
								},
								"east": {
									"uv": [
										13,
										21
									],
									"uv_size": [
										0.5,
										1
									]
								},
								"south": {
									"uv": [
										21,
										13
									],
									"uv_size": [
										0.5,
										1
									]
								},
								"west": {
									"uv": [
										14,
										21
									],
									"uv_size": [
										0.5,
										1
									]
								},
								"up": {
									"uv": [
										23,
										11
									],
									"uv_size": [
										0.5,
										0.5
									]
								},
								"down": {
									"uv": [
										12,
										23.5
									],
									"uv_size": [
										0.5,
										-0.5
									]
								}
							}
						},
						{
							"origin": [
								1,
								-3.7,
								0.85
							],
							"size": [
								0.2,
								0,
								0
							],
							"uv": {
								"north": {
									"uv": [
										0,
										0
									],
									"uv_size": [
										0.5,
										0
									]
								},
								"east": {
									"uv": [
										0,
										0
									],
									"uv_size": [
										0,
										0
									]
								},
								"south": {
									"uv": [
										0,
										0
									],
									"uv_size": [
										0.5,
										0
									]
								},
								"west": {
									"uv": [
										0,
										0
									],
									"uv_size": [
										0,
										0
									]
								},
								"up": {
									"uv": [
										0,
										0
									],
									"uv_size": [
										0.5,
										0
									]
								},
								"down": {
									"uv": [
										0,
										0
									],
									"uv_size": [
										0.5,
										0
									]
								}
							}
						},
						{
							"origin": [
								1,
								-2.2,
								-0.6
							],
							"size": [
								0.2,
								0.1,
								1.2
							],
							"uv": {
								"north": {
									"uv": [
										23,
										12
									],
									"uv_size": [
										0.5,
										0.5
									]
								},
								"east": {
									"uv": [
										21,
										14
									],
									"uv_size": [
										1,
										0.5
									]
								},
								"south": {
									"uv": [
										13,
										23
									],
									"uv_size": [
										0.5,
										0.5
									]
								},
								"west": {
									"uv": [
										15,
										21
									],
									"uv_size": [
										1,
										0.5
									]
								},
								"up": {
									"uv": [
										21,
										15
									],
									"uv_size": [
										0.5,
										1
									]
								},
								"down": {
									"uv": [
										16,
										22
									],
									"uv_size": [
										0.5,
										-1
									]
								}
							}
						},
						{
							"origin": [
								1,
								-3.7,
								0.85
							],
							"size": [
								0.2,
								0,
								0
							],
							"uv": {
								"north": {
									"uv": [
										0,
										0
									],
									"uv_size": [
										0.5,
										0
									]
								},
								"east": {
									"uv": [
										0,
										0
									],
									"uv_size": [
										0,
										0
									]
								},
								"south": {
									"uv": [
										0,
										0
									],
									"uv_size": [
										0.5,
										0
									]
								},
								"west": {
									"uv": [
										0,
										0
									],
									"uv_size": [
										0,
										0
									]
								},
								"up": {
									"uv": [
										0,
										0
									],
									"uv_size": [
										0.5,
										0
									]
								},
								"down": {
									"uv": [
										0,
										0
									],
									"uv_size": [
										0.5,
										0
									]
								}
							}
						},
						{
							"origin": [
								1,
								-3.9,
								-0.6
							],
							"size": [
								0.2,
								0.1,
								1.2
							],
							"uv": {
								"north": {
									"uv": [
										23,
										13
									],
									"uv_size": [
										0.5,
										0.5
									]
								},
								"east": {
									"uv": [
										21,
										16
									],
									"uv_size": [
										1,
										0.5
									]
								},
								"south": {
									"uv": [
										14,
										23
									],
									"uv_size": [
										0.5,
										0.5
									]
								},
								"west": {
									"uv": [
										17,
										21
									],
									"uv_size": [
										1,
										0.5
									]
								},
								"up": {
									"uv": [
										21,
										17
									],
									"uv_size": [
										0.5,
										1
									]
								},
								"down": {
									"uv": [
										18,
										22
									],
									"uv_size": [
										0.5,
										-1
									]
								}
							}
						},
						{
							"origin": [
								-1.2,
								-3.8,
								-0.8
							],
							"size": [
								0.2,
								1.6,
								1.6
							],
							"uv": {
								"north": {
									"uv": [
										19,
										16
									],
									"uv_size": [
										0.5,
										1.5
									]
								},
								"east": {
									"uv": [
										17,
										0
									],
									"uv_size": [
										1.5,
										1.5
									]
								},
								"south": {
									"uv": [
										17,
										19
									],
									"uv_size": [
										0.5,
										1.5
									]
								},
								"west": {
									"uv": [
										17,
										2
									],
									"uv_size": [
										1.5,
										1.5
									]
								},
								"up": {
									"uv": [
										18,
										19
									],
									"uv_size": [
										0.5,
										1.5
									]
								},
								"down": {
									"uv": [
										19,
										19.5
									],
									"uv_size": [
										0.5,
										-1.5
									]
								}
							}
						},
						{
							"origin": [
								-1.2,
								-3.6,
								-0.9
							],
							"size": [
								0.2,
								1.2,
								0.1
							],
							"uv": {
								"north": {
									"uv": [
										19,
										20
									],
									"uv_size": [
										0.5,
										1
									]
								},
								"east": {
									"uv": [
										20,
										19
									],
									"uv_size": [
										0.5,
										1
									]
								},
								"south": {
									"uv": [
										20,
										20
									],
									"uv_size": [
										0.5,
										1
									]
								},
								"west": {
									"uv": [
										0,
										21
									],
									"uv_size": [
										0.5,
										1
									]
								},
								"up": {
									"uv": [
										23,
										4
									],
									"uv_size": [
										0.5,
										0.5
									]
								},
								"down": {
									"uv": [
										5,
										23.5
									],
									"uv_size": [
										0.5,
										-0.5
									]
								}
							}
						},
						{
							"origin": [
								-1.2,
								-3.6,
								0.8
							],
							"size": [
								0.2,
								1.2,
								0.1
							],
							"uv": {
								"north": {
									"uv": [
										21,
										0
									],
									"uv_size": [
										0.5,
										1
									]
								},
								"east": {
									"uv": [
										1,
										21
									],
									"uv_size": [
										0.5,
										1
									]
								},
								"south": {
									"uv": [
										21,
										1
									],
									"uv_size": [
										0.5,
										1
									]
								},
								"west": {
									"uv": [
										2,
										21
									],
									"uv_size": [
										0.5,
										1
									]
								},
								"up": {
									"uv": [
										23,
										5
									],
									"uv_size": [
										0.5,
										0.5
									]
								},
								"down": {
									"uv": [
										6,
										23.5
									],
									"uv_size": [
										0.5,
										-0.5
									]
								}
							}
						},
						{
							"origin": [
								-1.2,
								-2.2,
								-0.6
							],
							"size": [
								0.2,
								0.1,
								1.2
							],
							"uv": {
								"north": {
									"uv": [
										23,
										6
									],
									"uv_size": [
										0.5,
										0.5
									]
								},
								"east": {
									"uv": [
										21,
										2
									],
									"uv_size": [
										1,
										0.5
									]
								},
								"south": {
									"uv": [
										7,
										23
									],
									"uv_size": [
										0.5,
										0.5
									]
								},
								"west": {
									"uv": [
										3,
										21
									],
									"uv_size": [
										1,
										0.5
									]
								},
								"up": {
									"uv": [
										21,
										3
									],
									"uv_size": [
										0.5,
										1
									]
								},
								"down": {
									"uv": [
										4,
										22
									],
									"uv_size": [
										0.5,
										-1
									]
								}
							}
						},
						{
							"origin": [
								-1.2,
								-3.9,
								-0.6
							],
							"size": [
								0.2,
								0.1,
								1.2
							],
							"uv": {
								"north": {
									"uv": [
										23,
										7
									],
									"uv_size": [
										0.5,
										0.5
									]
								},
								"east": {
									"uv": [
										21,
										4
									],
									"uv_size": [
										1,
										0.5
									]
								},
								"south": {
									"uv": [
										8,
										23
									],
									"uv_size": [
										0.5,
										0.5
									]
								},
								"west": {
									"uv": [
										5,
										21
									],
									"uv_size": [
										1,
										0.5
									]
								},
								"up": {
									"uv": [
										21,
										5
									],
									"uv_size": [
										0.5,
										1
									]
								},
								"down": {
									"uv": [
										6,
										22
									],
									"uv_size": [
										0.5,
										-1
									]
								}
							}
						}
					]
				},
				{
					"name": "rightitem",
					"pivot": [
						0,
						0,
						0
					],
					"binding": "q.item_slot_to_bone_name(c.item_slot)"
				}
			]
		}
	]
}