{
	"format_version": "1.12.0",
	"minecraft:geometry": [
		{
			"description": {
				"identifier": "geometry.spirit",
				"texture_width": 32,
				"texture_height": 32,
				"visible_bounds_width": 3,
				"visible_bounds_height": 2.5,
				"visible_bounds_offset": [
					0,
					0.75,
					0
				]
			},
			"bones": [
				{
					"name": "root",
					"pivot": [
						0,
						0,
						0
					]
				},
				{
					"name": "head",
					"parent": "root",
					"pivot": [
						0,
						9,
						0
					]
				},
				{
					"name": "look_at",
					"parent": "head",
					"pivot": [
						0,
						9,
						0
					],
					"cubes": [
						{
							"origin": [
								-2,
								9,
								-2
							],
							"size": [
								4,
								4,
								4
							],
							"uv": [
								0,
								0
							]
						}
					]
				},
				{
					"name": "body",
					"parent": "root",
					"pivot": [
						0,
						9,
						0
					],
					"cubes": [
						{
							"origin": [
								-2,
								5,
								-1
							],
							"size": [
								4,
								4,
								2
							],
							"uv": [
								0,
								8
							]
						}
					]
				},
				{
					"name": "fin",
					"parent": "root",
					"pivot": [
						0,
						5,
						0
					],
					"cubes": [
						{
							"origin": [
								-2,
								1.1,
								0.2
							],
							"size": [
								4,
								4,
								1.7
							],
							"pivot": [
								0,
								-1.9,
								0.9
							],
							"rotation": [
								7.5,
								0,
								0
							],
							"uv": [
								12,
								8
							]
						}
					]
				}
			]
		}
	]
}