{
    "format_version": "1.21.40",
    "sound_definitions": {
        "script.magic.ping": {
            "category": "music",
            "sounds": [
                "sounds/music/magic_ready"
            ]
        },
        "music.game": {
            "category": "music",
            "sounds": [
                "sounds/music/A-Different-Kind-of-Love",
                "sounds/music/Alternate-World",
                "sounds/music/beautiful-crime",
                "sounds/music/Dreams",
                "sounds/music/Easy",
                "sounds/music/Fear of the Water",
                "sounds/music/goliath-9yniyz0skcm",
                "sounds/music/HaulRadioEdit",
                "sounds/music/Je-ne-te-quitte-pas",
                "sounds/music/Lost-It-To-Trying",
                "sounds/music/Plans-We-Made"
            ]
        },
        "music.game.creative": {
            "category": "music",
            "sounds": [
                "sounds/music/A-Different-Kind-of-Love",
                "sounds/music/Alternate-World",
                "sounds/music/beautiful-crime",
                "sounds/music/Dreams",
                "sounds/music/Easy",
                "sounds/music/Fear of the Water",
                "sounds/music/goliath-9yniyz0skcm",
                "sounds/music/HaulRadioEdit",
                "sounds/music/Je-ne-te-quitte-pas",
                "sounds/music/Lost-It-To-Trying",
                "sounds/music/Plans-We-Made"
            ]
        },
        "music.menu": {
            "category": "music",
            "sounds": [
                "sounds/music/A-Different-Kind-of-Love",
                "sounds/music/Alternate-World",
                "sounds/music/beautiful-crime",
                "sounds/music/Dreams",
                "sounds/music/Easy",
                "sounds/music/Fear of the Water",
                "sounds/music/goliath-9yniyz0skcm",
                "sounds/music/HaulRadioEdit",
                "sounds/music/Je-ne-te-quitte-pas",
                "sounds/music/Lost-It-To-Trying",
                "sounds/music/Plans-We-Made"
            ]
        },
        "music.wom": {
            "category": "music",
            "sounds": [
                "sounds/music/A-Different-Kind-of-Love",
                "sounds/music/Alternate-World",
                "sounds/music/beautiful-crime",
                "sounds/music/Dreams",
                "sounds/music/Easy",
                "sounds/music/Fear of the Water",
                "sounds/music/goliath-9yniyz0skcm",
                "sounds/music/HaulRadioEdit",
                "sounds/music/Je-ne-te-quitte-pas",
                "sounds/music/Lost-It-To-Trying",
                "sounds/music/Plans-We-Made"
            ]
        },
        "music.spout": {
            "sounds": [
                "sounds/music/Spow"
            ],
            "category": "music"
        },
        "mob.human_miner.death": {
            "category": "neutral",
            "sounds": [
                "sounds/mob/villager/death"
            ]
        },
        "mob.human_miner.haggle": {
            "category": "neutral",
            "sounds": [
                "sounds/miner/miner_hello",
                "sounds/miner/miner_hi"
            ]
        },
        "mob.human_miner.hit": {
            "category": "neutral",
            "sounds": [
                "sounds/mob/villager/hit1",
                "sounds/mob/villager/hit2",
                "sounds/mob/villager/hit3",
                "sounds/mob/villager/hit4"
            ]
        },
        "mob.human_miner.idle": {
            "category": "neutral",
            "sounds": [
                "sounds/miner/miner_ambience",
                "sounds/miner/miner_hi"
            ]
        },
        "mob.human_miner.no": {
            "category": "neutral",
            "sounds": [
                "sounds/miner/miner_no",
                "sounds/miner/miner_no2"
            ]
        },
        "mob.human_miner.yes": {
            "category": "neutral",
            "sounds": [
                "sounds/miner/miner_yes",
                "sounds/miner/miner_yes2"
            ]
        },
        "mob.rare_trade.death": {
            "category": "neutral",
            "sounds": [
                "sounds/mob/villager/death"
            ]
        },
        "mob.rare_trade.haggle": {
            "category": "neutral",
            "sounds": [
                "sounds/rare_item_trader/(greeting) hey there travaler 2",
                "sounds/rare_item_trader/(greeting) lamp oil ropes bombs 2",
                "sounds/rare_item_trader/(greeting) oh its you 2"
            ]
        },
        "mob.rare_trade.hit": {
            "category": "neutral",
            "sounds": [
                "sounds/mob/villager/hit1",
                "sounds/mob/villager/hit2",
                "sounds/mob/villager/hit3",
                "sounds/mob/villager/hit4"
            ]
        },
        "mob.rare_trade.idle": {
            "category": "neutral",
            "sounds": [
                "sounds/rare_item_trader/(ambiance ) rare good and good deals 2",
                "sounds/rare_item_trader/(ambiance ) son of a 2",
                "sounds/rare_item_trader/(ambiance) better deals 2",
                "sounds/rare_item_trader/(ambiance)domedome dome 2",
                "sounds/rare_item_trader/(ambiance)hey you 2"
            ]
        },
        "mob.rare_trade.no": {
            "category": "neutral",
            "sounds": [
                "sounds/rare_item_trader/(bad deal) get more coins 2",
                "sounds/rare_item_trader/(bad deal) cheap scate 2",
                "sounds/rare_item_trader/(bad deal) dont waist my time 2"
            ]
        },
        "mob.rare_trade.yes": {
            "category": "neutral",
            "sounds": [
                "sounds/rare_item_trader/( good deal) heavy pockets 2",
                "sounds/rare_item_trader/(good-deal) coin 2",
                "sounds/rare_item_trader/(good deal) pleasure 2"
            ]
        },
        "random.anvil_land": {
            "category": "neutral",
            "sounds": [
                "sounds/anvil/metal-pipe-clang"
            ]
        },
        "cs.q1finale1": {
            "category": "music",
            "sounds": [
                "sounds/music/1229"
            ]
        },
        "permadeath.start": {
            "category": "music",
            "sounds": [
                "sounds/permadeath/permadeath_start"
            ]
        },
        "permadeath.final": {
            "category": "music",
            "sounds": [
                "sounds/permadeath/permadeath_final"
            ]
        },
        "founder.power": {
            "category": "music",
            "sounds": [
                "sounds/Founder/founder_power"
            ]
        },
        "warhammer.use": {
            "category": "player",
            "min_distance": 0,
            "max_distance": 100,
            "sounds": [
                "sounds/warhammer/warrhammer_attack"
            ]
        },
        "warhammer.knockout": {
            "category": "music",
            "sounds": [
                "sounds/warhammer/hammer_knockout"
            ]
        },
        "founder.power2": {
            "category": "music",
            "sounds": [
                "sounds/Founder/founder_thedevouer"
            ]
        },
        "mp.13": {
            "sounds": [
                "sounds/music/game/records/13"
            ],
            "category": "music"
        },
        "mp.11": {
            "sounds": [
                "sounds/music/game/records/11"
            ],
            "category": "music"
        },
        "mp.5": {
            "sounds": [
                "sounds/music/game/records/5"
            ],
            "category": "music"
        },
        "mp.blocks": {
            "sounds": [
                "sounds/music/game/records/blocks"
            ],
            "category": "music"
        },
        "mp.cat": {
            "category": "music",
            "sounds": [
                "sounds/music/game/records/cat"
            ]
        },
        "mp.chirp": {
            "category": "music",
            "sounds": [
                "sounds/music/game/records/chirp"
            ]
        },
        "mp.creator": {
            "category": "music",
            "sounds": [
                "sounds/music/game/records/creator"
            ]
        },
        "mp.creator_mb": {
            "category": "music",
            "sounds": [
                "sounds/music/game/records/creator_music_box"
            ]
        },
        "mp.far": {
            "category": "music",
            "sounds": [
                "sounds/music/game/records/far"
            ]
        },
        "mp.mall": {
            "category": "music",
            "sounds": [
                "sounds/music/game/records/mall"
            ]
        },
        "mp.mellohi": {
            "category": "music",
            "sounds": [
                "sounds/music/game/records/mellohi"
            ]
        },
        "mp.otherside": {
            "category": "music",
            "sounds": [
                "sounds/music/game/records/otherside"
            ]
        },
        "mp.pigstep": {
            "category": "music",
            "sounds": [
                "sounds/music/game/records/pigstep_master"
            ]
        },
        "mp.precipice": {
            "category": "music",
            "sounds": [
                "sounds/music/game/records/precipice"
            ]
        },
        "mp.relic": {
            "category": "music",
            "sounds": [
                "sounds/music/game/records/relic"
            ]
        },
        "mp.stal": {
            "category": "music",
            "sounds": [
                "sounds/music/game/records/stal"
            ]
        },
        //done
        "mp.strad": {
            "category": "music",
            "sounds": [
                "sounds/music/game/records/strad"
            ]
        },
        //done
        "mp.wait": {
            "category": "music",
            "sounds": [
                "sounds/music/game/records/wait"
            ]
        },
        //done
        "mp.ward": {
            "category": "music",
            "sounds": [
                "sounds/music/game/records/ward"
            ]
        },
        //done
        "mp.saccharine": {
            "category": "music",
            "sounds": [
                "sounds/music_discs/saccharine"
            ]
        },
        "mob.spirit.sign": {
            "category": "neutral",
            "min_distance": 0,
            "max_distance": 50,
            "sounds": [
                "sounds/entities/spirit_singing"
            ]
        },
        "mob.spirit.death": {
            "max_distance": 10,
            "min_distance": 0,
            "category": "neutral",
            "sounds": [
                "sounds/entities/spirit_death"
            ]
        }
    }
}