{
	"format_version": "1.8.0",
	"minecraft:client_entity": {
		"description": {
			"identifier": "race:spirit",
			"materials": {
				"default": "entity_alphatest"
			},
			"textures": {
				"default": "textures/entity/spirit_texture"
			},
			"geometry": {
				"default": "geometry.spirit"
			},
			"animations": {
				"look_at_target_default": "animation.spirit.look_at_target.default",
				"idle": "animation.spirit.idle",
				"fly": "animation.spirit.fly"
			},
			"animation_controllers": [
				{
					"general": "controller.animation.spirit.general"
				},
				{
					"look_at_target": "controller.animation.spirit.look_at_target"
				}
			],
			"render_controllers": [
				"controller.render.spirit"
			],
			"spawn_egg": {
				"base_color": "#000000",
				"overlay_color": "#FFFFFF"
			}
		}
	}
}