{
	"format_version": "1.20.80",
	"minecraft:attachable": {
		"description": {
			"identifier": "race:avian_helmet",
			"materials": {
				"default": "armor",
				"enchanted": "armor_enchanted"
			},
			"textures": {
				"default": "textures/entities/Avian Helmet",
				"enchanted": "textures/misc/enchanted_item_glint"
			},
			"geometry": {
				"default": "geometry.avian_helmet"
			},
			"animations": {
				"avian_helmet": "animation.avian_helmet"
			},
			"scripts": {
				"parent_setup": "variable.helmet_layer_visible = 0.0;",
				"animate": [
					"avian_helmet"
				]
			},
			"render_controllers": [
				"controller.render.armor"
			]
		}
	}
}