{
	"format_version": "1.20.80",
	"minecraft:attachable": {
		"description": {
			"identifier": "race:avian_boots",
			"materials": {
				"default": "armor",
				"enchanted": "armor_enchanted"
			},
			"textures": {
				"default": "textures/entities/Avian Boots",
				"enchanted": "textures/misc/enchanted_item_glint"
			},
			"geometry": {
				"default": "geometry.avian_boots"
			},
			"animations": {
				"leather_coat": "animation.leather_coat"
			},
			"scripts": {
				"parent_setup": "variable.boot_layer_visible = 0.0;",
				"animate": [
					"leather_coat"
				]
			},
			"render_controllers": [
				"controller.render.armor"
			]
		}
	}
}