{
	"format_version": "1.20.80",
	"minecraft:attachable": {
		"description": {
			"identifier": "race:dwarfs_leggings",
			"materials": {
				"default": "armor",
				"enchanted": "armor_enchanted"
			},
			"textures": {
				"default": "textures/entities/Dwarf's Pants",
				"enchanted": "textures/misc/enchanted_item_glint"
			},
			"geometry": {
				"default": "geometry.DLegs"
			},
			"scripts": {
				"parent_setup": "variable.leg_layer_visible = 0.0;"
			},
			"render_controllers": [
				"controller.render.armor"
			]
		}
	}
}