{
	"format_version": "1.20.80",
	"minecraft:attachable": {
		"description": {
			"identifier": "race:feline_helmet",
			"materials": {
				"default": "armor",
				"enchanted": "armor_enchanted"
			},
			"textures": {
				"default": "textures/entities/feline",
				"enchanted": "textures/misc/enchanted_item_glint"
			},
			"geometry": {
				"default": "geometry.feline"
			},
			"animations": {
				"idle": "animation.feline.idle"
			},
			"scripts": {
				"parent_setup": "variable.helmet_layer_visible = 0.0;",
				"animate": [
					"idle"
				]
			},
			"render_controllers": [
				"controller.render.armor"
			]
		}
	}
}