{
	"format_version": "1.20.80",
	"minecraft:attachable": {
		"description": {
			"identifier": "race:redstone_component_helmet",
			"materials": {
				"default": "armor",
				"enchanted": "armor_enchanted"
			},
			"textures": {
				"default": "textures/models/armor/redst_comp_helm",
				"enchanted": "textures/misc/enchanted_item_glint"
			},
			"geometry": {
				"default": "geometry.redst_comp.helmet"
			},
			"animations": {
				"fan": "animation.redstone_comp.fan"
			},
			"scripts": {
				"parent_setup": "variable.helmet_layer_visible = 0.0;",
				"animate": [
					"fan"
				]
			},
			"render_controllers": [
				"controller.render.armor"
			]
		}
	}
}