{
	"format_version": "1.10.0",
	"animations": {
		"animation.avian_helmet": {
			"loop": true,
			"bones": {
				"Head": {
					"position": [
						"c.is_first_person?-6:0",
						"c.is_first_person?0:0.2",
						"c.is_first_person?-1:0"
					],
					"rotation": [
						"c.is_first_person?45:0",
						"c.is_first_person?-15:0",
						"c.is_first_person?30:0"
					],
					"scale": [
						"c.is_first_person?1:1.2",
						"c.is_first_person?1:1.2",
						"c.is_first_person?1:1.2"
					]
				}
			}
		}
	}
}