{
	"format_version": "1.8.0",
	"animations": {
		"animation.feline.idle": {
			"loop": true,
			"animation_length": 3.3333,
			"bones": {
				"RightEar": {
					"rotation": {
						"3.0833": {
							"pre": [
								0,
								0,
								0
							],
							"post": [
								0,
								0,
								0
							],
							"lerp_mode": "catmullrom"
						},
						"3.2083": {
							"post": [
								-10,
								0,
								0
							],
							"lerp_mode": "catmullrom"
						},
						"3.25": {
							"post": [
								-8.88927,
								-4.59902,
								-27.14233
							],
							"lerp_mode": "catmullrom"
						},
						"3.3333": {
							"post": [
								0,
								0,
								0
							],
							"lerp_mode": "catmullrom"
						}
					}
				},
				"LeftEar": {
					"rotation": {
						"0.0": {
							"post": [
								0,
								0,
								0
							],
							"lerp_mode": "catmullrom"
						},
						"0.2083": {
							"post": [
								0,
								0,
								0
							],
							"lerp_mode": "catmullrom"
						},
						"0.25": {
							"post": [
								12.5,
								0,
								0
							],
							"lerp_mode": "catmullrom"
						},
						"0.2917": {
							"post": [
								0,
								0,
								0
							],
							"lerp_mode": "catmullrom"
						},
						"3.0833": {
							"post": [
								0,
								0,
								0
							],
							"lerp_mode": "catmullrom"
						},
						"3.2083": {
							"post": [
								-25,
								0,
								0
							],
							"lerp_mode": "catmullrom"
						},
						"3.25": {
							"post": [
								-28.42959,
								1.43687,
								30.15751
							],
							"lerp_mode": "catmullrom"
						},
						"3.3333": {
							"post": [
								0,
								0,
								0
							],
							"lerp_mode": "catmullrom"
						}
					}
				},
				"Tail": {
					"rotation": {
						"0.0": {
							"post": [
								-50,
								0,
								0
							],
							"lerp_mode": "catmullrom"
						}
					}
				},
				"Tail2": {
					"rotation": {
						"0.0": {
							"post": [
								12.5,
								0,
								0
							],
							"lerp_mode": "catmullrom"
						}
					}
				},
				"Tail3": {
					"rotation": {
						"0.0": {
							"post": [
								20,
								0,
								0
							],
							"lerp_mode": "catmullrom"
						}
					}
				},
				"Tail4": {
					"rotation": {
						"0.0": {
							"post": [
								10,
								0,
								0
							],
							"lerp_mode": "catmullrom"
						}
					}
				}
			}
		}
	}
}