{
	"format_version": "1.8.0",
	"animations": {
		"animation.human_miner.baby_transform": {
			"loop": true,
			"bones": {
				"head": {
					"scale": 1.5
				}
			}
		},
		"animation.human_miner.general": {
			"loop": true,
			"animation_length": 1.5,
			"bones": {
				"head": {
					"position": {
						"0.0": {
							"post": [
								0,
								0,
								0
							],
							"lerp_mode": "catmullrom"
						},
						"0.75": {
							"post": [
								0,
								-0.2,
								0
							],
							"lerp_mode": "catmullrom"
						},
						"1.25": {
							"post": [
								0,
								0.1,
								0
							],
							"lerp_mode": "catmullrom"
						},
						"1.5": {
							"post": [
								0,
								0.1,
								0
							],
							"lerp_mode": "catmullrom"
						}
					}
				},
				"arms": {
					"position": {
						"0.0": {
							"post": [
								0,
								0,
								0
							],
							"lerp_mode": "catmullrom"
						},
						"0.75": {
							"post": [
								0,
								0.3,
								0
							],
							"lerp_mode": "catmullrom"
						},
						"1.25": {
							"post": [
								0,
								-0.03,
								0
							],
							"lerp_mode": "catmullrom"
						},
						"1.5": {
							"post": [
								0,
								-0.03,
								0
							],
							"lerp_mode": "catmullrom"
						}
					}
				}
			}
		},
		"animation.human_miner.general.v1.0": {
			"loop": true,
			"bones": {
				"arms": {
					"position": [
						0,
						"-3-this",
						"-1-this"
					],
					"rotation": [
						"-42.97-this",
						0,
						0
					]
				}
			}
		},
		"animation.human_miner.get_in_bed": {
			"loop": true,
			"bones": {
				"body": {
					"position": [
						0,
						1,
						-15
					],
					"rotation": [
						-90,
						0,
						0
					]
				}
			}
		},
		"animation.human_miner.move": {
			"anim_time_update": "query.modified_distance_moved",
			"loop": true,
			"bones": {
				"leg0": {
					"rotation": [
						"(math.cos(query.anim_time*38.17)*40)-this",
						"-this",
						0
					]
				},
				"leg1": {
					"rotation": [
						"(math.cos(query.anim_time*38.17+180)*40)-this",
						"-this",
						0
					]
				}
			}
		},
		"animation.human_miner.raise_arms": {
			"loop": true,
			"bones": {
				"arms": {
					"rotation": [
						"variable.raise_arms*-15",
						0,
						0
					]
				}
			}
		}
	}
}