{
	"format_version": "1.10.0",
	"animations": {
		"animation.leather_coat": {
			"loop": true,
			"bones": {
				"LeftArm": {
					"position": [
						"c.is_first_person?-6:0",
						"c.is_first_person?0:0.5",
						"c.is_first_person?-1:0"
					],
					"rotation": [
						"c.is_first_person?45:0",
						"c.is_first_person?-15:0",
						"c.is_first_person?30:0"
					],
					"scale": [
						"c.is_first_person?1:1.2",
						"c.is_first_person?1:1",
						"c.is_first_person?1:1.2"
					]
				},
				"RightArm": {
					"position": [
						"c.is_first_person?-6:0",
						"c.is_first_person?0:0.5",
						"c.is_first_person?-1:0"
					],
					"rotation": [
						"c.is_first_person?45:0",
						"c.is_first_person?-15:0",
						"c.is_first_person?30:0"
					],
					"scale": [
						"c.is_first_person?1:1.2",
						"c.is_first_person?1:1",
						"c.is_first_person?1:1.2"
					]
				},
				"Head": {
					"position": [
						"c.is_first_person?-6:0",
						"c.is_first_person?0:0.2",
						"c.is_first_person?-1:0"
					],
					"rotation": [
						"c.is_first_person?45:0",
						"c.is_first_person?-15:0",
						"c.is_first_person?30:0"
					],
					"scale": [
						"c.is_first_person?1:1.2",
						"c.is_first_person?1:1.1",
						"c.is_first_person?1:1.2"
					]
				},
				"Body": {
					"position": [
						"c.is_first_person?-6:0",
						"c.is_first_person?0:0",
						"c.is_first_person?-1:0"
					],
					"rotation": [
						"c.is_first_person?45:0",
						"c.is_first_person?-15:0",
						"c.is_first_person?30:0"
					],
					"scale": [
						"c.is_first_person?1:1.2",
						"c.is_first_person?1:1",
						"c.is_first_person?1:1.2"
					]
				},
				"RightLeg": {
					"position": [
						"c.is_first_person?-6:0",
						"c.is_first_person?0:0",
						"c.is_first_person?-1:0"
					],
					"rotation": [
						"c.is_first_person?45:0",
						"c.is_first_person?-15:0",
						"c.is_first_person?30:0"
					],
					"scale": [
						"c.is_first_person?1:1.2",
						"c.is_first_person?1:1",
						"c.is_first_person?1:1.2"
					]
				},
				"LeftLeg": {
					"position": [
						"c.is_first_person?-6:0",
						"c.is_first_person?0:0",
						"c.is_first_person?-1:0"
					],
					"rotation": [
						"c.is_first_person?45:0",
						"c.is_first_person?-15:0",
						"c.is_first_person?30:0"
					],
					"scale": [
						"c.is_first_person?1:1.2",
						"c.is_first_person?1:1",
						"c.is_first_person?1:1.2"
					]
				}
			}
		}
	}
}