{
	"format_version": "1.10.0",
	"animations": {
		"animation.playersize.short": {
			"loop": true,
			"bones": {
				"Head": {
					"scale": 0.7
				},
				"Body": {
					"scale": 0.7,
					"position": [
						0,
						-8,
						0
					]
				},
				"RightLeg": {
					"scale": 0.7,
					"position": [
						0.5,
						-4,
						0
					]
				},
				"LeftLeg": {
					"scale": 0.7,
					"position": [
						-0.5,
						-4,
						0
					]
				}
			}
		},
		"animation.playersize.tall": {
			"loop": true,
			"bones": {
				"Head": {
					"scale": 1.2
				},
				"Body": {
					"scale": 1.2,
					"position": [
						0,
						4,
						0
					]
				},
				"RightLeg": {
					"scale": 1.2,
					"position": [
						-0.4,
						2,
						0
					]
				},
				"LeftLeg": {
					"scale": 1.2,
					"position": [
						0.4,
						2,
						0
					]
				}
			}
		}
	}
}