{
	"format_version": "1.8.0",
	"animations": {
		"animation.spirit.look_at_target.default": {
			"loop": true,
			"bones": {
				"look_at": {
					"relative_to": {
						"rotation": "entity"
					},
					"rotation": [
						"query.target_x_rotation",
						"query.target_y_rotation",
						0
					]
				}
			}
		},
		"animation.spirit.idle": {
			"loop": true,
			"animation_length": 4,
			"bones": {
				"head": {
					"position": {
						"0.0": {
							"post": [
								0,
								0,
								0
							],
							"lerp_mode": "catmullrom"
						},
						"2.0": {
							"post": [
								0,
								-1,
								0
							],
							"lerp_mode": "catmullrom"
						},
						"4.0": {
							"post": [
								0,
								0,
								0
							],
							"lerp_mode": "catmullrom"
						}
					}
				},
				"body": {
					"rotation": {
						"0.0": [
							0,
							0,
							0
						],
						"0.5417": [
							2.73142,
							0,
							0
						],
						"0.9583": [
							4.89078,
							0,
							0
						],
						"1.0": [
							5,
							0,
							0
						],
						"1.5417": [
							2.26858,
							0,
							0
						],
						"1.9583": [
							0.10922,
							0,
							0
						],
						"2.0": [
							0,
							0,
							0
						],
						"2.5417": [
							2.73142,
							0,
							0
						],
						"2.9583": [
							4.89078,
							0,
							0
						],
						"3.0": [
							5,
							0,
							0
						],
						"3.5417": [
							2.26858,
							0,
							0
						],
						"3.9583": [
							0.10922,
							0,
							0
						],
						"4.0": [
							0,
							0,
							0
						]
					},
					"position": {
						"0.0": {
							"post": [
								0,
								0,
								0
							],
							"lerp_mode": "catmullrom"
						},
						"2.0": {
							"post": [
								0,
								-1,
								0
							],
							"lerp_mode": "catmullrom"
						},
						"4.0": {
							"post": [
								0,
								0,
								0
							],
							"lerp_mode": "catmullrom"
						}
					}
				},
				"fin": {
					"rotation": {
						"0.0": [
							22.5,
							0,
							0
						],
						"0.0417": [
							21.84466,
							0,
							0
						],
						"0.0833": [
							20.79205,
							0,
							0
						],
						"0.625": [
							3.34423,
							0,
							0
						],
						"0.875": [
							-4.6099,
							0,
							0
						],
						"0.9167": [
							-5.79205,
							0,
							0
						],
						"0.9583": [
							-6.84466,
							0,
							0
						],
						"1.0": [
							-7.5,
							0,
							0
						],
						"1.0417": [
							-6.84466,
							0,
							0
						],
						"1.0833": [
							-5.79205,
							0,
							0
						],
						"1.625": [
							11.65577,
							0,
							0
						],
						"1.875": [
							19.6099,
							0,
							0
						],
						"1.9167": [
							20.79205,
							0,
							0
						],
						"1.9583": [
							21.84466,
							0,
							0
						],
						"2.0": [
							22.5,
							0,
							0
						],
						"2.0417": [
							21.84466,
							0,
							0
						],
						"2.0833": [
							20.79205,
							0,
							0
						],
						"2.625": [
							3.34423,
							0,
							0
						],
						"2.875": [
							-4.6099,
							0,
							0
						],
						"2.9167": [
							-5.79205,
							0,
							0
						],
						"2.9583": [
							-6.84466,
							0,
							0
						],
						"3.0": [
							-7.5,
							0,
							0
						],
						"3.0417": [
							-6.84466,
							0,
							0
						],
						"3.0833": [
							-5.79205,
							0,
							0
						],
						"3.625": [
							11.65577,
							0,
							0
						],
						"3.875": [
							19.6099,
							0,
							0
						],
						"3.9167": [
							20.79205,
							0,
							0
						],
						"3.9583": [
							21.84466,
							0,
							0
						],
						"4.0": [
							22.5,
							0,
							0
						]
					},
					"position": {
						"0.0": {
							"post": [
								0,
								0,
								0
							],
							"lerp_mode": "catmullrom"
						},
						"2.0": {
							"post": [
								0,
								-1,
								0
							],
							"lerp_mode": "catmullrom"
						},
						"4.0": {
							"post": [
								0,
								0,
								0
							],
							"lerp_mode": "catmullrom"
						}
					}
				}
			}
		},
		"animation.spirit.fly": {
			"loop": true,
			"animation_length": 1,
			"bones": {
				"body": {
					"rotation": {
						"0.0": {
							"post": [
								37.5,
								0,
								0
							],
							"lerp_mode": "catmullrom"
						},
						"0.5": {
							"post": [
								52.5,
								0,
								0
							],
							"lerp_mode": "catmullrom"
						},
						"1.0": {
							"post": [
								37.5,
								0,
								0
							],
							"lerp_mode": "catmullrom"
						}
					}
				},
				"fin": {
					"rotation": {
						"0.0": {
							"post": [
								52.5,
								0,
								0
							],
							"lerp_mode": "catmullrom"
						},
						"0.5": {
							"post": [
								92.5,
								0,
								0
							],
							"lerp_mode": "catmullrom"
						},
						"1.0": {
							"post": [
								52.5,
								0,
								0
							],
							"lerp_mode": "catmullrom"
						}
					},
					"position": {
						"0.0": {
							"post": [
								0,
								0.6,
								2.5
							],
							"lerp_mode": "catmullrom"
						},
						"0.5": {
							"post": [
								0,
								1.6,
								3.2
							],
							"lerp_mode": "catmullrom"
						},
						"1.0": {
							"post": [
								0,
								0.6,
								2.5
							],
							"lerp_mode": "catmullrom"
						}
					}
				}
			}
		}
	}
}