{
	"resource_pack_name": "Endfallen's Races",
	"texture_name": "atlas.items",
	"texture_data": {
		"race_elven_ears": {
			"textures": "textures/items/ElvenEarsItem"
		},
		"race_elven_superjump": {
			"textures": "textures/items/HighJump"
		},
		"race_dwarf_haste": {
			"textures": "textures/items/Dwarf'sHaste"
		},
		"race_elf_nightvission_off": {
			"textures": "textures/items/elf_nightvision_off"
		},
		"race_elf_nightvission_on": {
			"textures": "textures/items/Elf_Nightvision"
		},
		"race_humans_adrelanin": {
			"textures": "textures/items/adrelanine"
		},
		"race_empty_injector": {
			"textures": "textures/items/adrenalin_on"
		},
		"race_leather_coat": {
			"textures": "textures/items/leather_coat_leggings"
		},
		"race_dwarfs_helmet": {
			"textures": "textures/items/dwarfs_helmet"
		},
		"race_dwarfs_chestplate": {
			"textures": "textures/items/dwarfs_chestplate"
		},
		"race_dwarfs_leggings": {
			"textures": "textures/items/dwarfs_leggings"
		},
		"race_dwarfs_boots": {
			"textures": "textures/items/dwarfs_boots"
		},
		"race_avian_helmet": {
			"textures": "textures/items/avian_helmet"
		},
		"race_avian_leggings": {
			"textures": "textures/items/avian_leggings"
		},
		"race_avian_boots": {
			"textures": "textures/items/avian_boots"
		},
		"race_dwarf_hole": {
			"textures": "textures/items/Dwarf Diggy Hole"
		},
		"race_elves_chestplate": {
			"textures": "textures/items/elves_chestplate"
		},
		"race_elves_leggings": {
			"textures": "textures/items/elves_leggings"
		},
		"race_elves_boots": {
			"textures": "textures/items/elves_boots"
		},
		"race_dwarfs_fury": {
			"textures": "textures/items/Dwarf's Fury"
		},
		"race_super_launch": {
			"textures": "textures/items/SuperLaunch"
		},
		"race_magic_change": {
			"textures": "textures/items/MagicChange"
		},
		"race_time_swap": {
			"textures": "textures/items/TimeMasterTimeSwap"
		},
		"race_coin": {
			"textures": "textures/items/Coins"
		},
		"race_coin_sack": {
			"textures": "textures/items/CoinSack"
		},
		"race_main_menu": {
			"textures": "textures/items/Main Menu"
		},
		"race_spiritpiercer": {
			"textures": "textures/items/spiritpiercer"
		},
		"race_netherite_hammer": {
			"textures": "textures/items/Dwarven_hammer_item"
		},
		"race_dwarven_netherite_helmet": {
			"textures": "textures/items/dwarven_netherite_helmet"
		},
		"race_dwarven_netherite_chestplate": {
			"textures": "textures/items/dwarven_netherite_chestplate"
		},
		"race_dwarven_netherite_leggings": {
			"textures": "textures/items/dwarven_netherite_leggings"
		},
		"race_dwarven_netherite_boots": {
			"textures": "textures/items/dwarven_netherite_boots"
		},
		"race_elven_netherite_helmet": {
			"textures": "textures/items/elven_netherite_helmet"
		},
		"race_elven_netherite_chestplate": {
			"textures": "textures/items/elven_netherite_chestplate"
		},
		"race_elven_netherite_leggings": {
			"textures": "textures/items/elven_netherite_leggings"
		},
		"race_elven_netherite_boots": {
			"textures": "textures/items/elven_netherite_boots"
		},
		"race_fan": {
			"textures": "textures/items/fan"
		},
		"race_redstone_component": {
			"textures": "textures/items/redstone_component"
		},
		"race_redstone_wires": {
			"textures": "textures/items/redstone_wires"
		},
		"race_heavy_hammer_head": {
			"textures": "textures/items/reinforced_hammer_head"
		},
		"race_reinforced_iron_handle": {
			"textures": "textures/items/reinforced_long_handle"
		},
		"race_feline_helmet": {
			"textures": "textures/items/feline_helmet"
		},
		"race_feline_chestplate": {
			"textures": "textures/items/feline_chestplate"
		},
		"race_feline_leggings": {
			"textures": "textures/items/feline_leggings"
		},
		"race_feline_boots": {
			"textures": "textures/items/feline_boots"
		},
		"race_redstone_component_helmet": {
			"textures": "textures/items/redstone_component_helmet"
		},
		"race_redstone_component_chestplate": {
			"textures": "textures/items/redstone_component_chestplate"
		},
		"race_redstone_component_leggings": {
			"textures": "textures/items/redstone_component_leggings"
		},
		"race_redstone_component_boots": {
			"textures": "textures/items/redstone_component_boots"
		},
		"race_race_orb": {
			"textures": "textures/items/RaceOrb"
		},
		"race_spirit_heart": {
			"textures": "textures/items/spirit_heart"
		},
		"race_mp_saccharine": {
			"textures": "textures/items/record_Saccharine"
		},
		"race_music_player": {
			"textures": "textures/items/music_player"
		},
		"race_mp_creator": {
			"textures": "textures/items/music_disc_creator"
		},
		"race_mp_creator_mb": {
			"textures": "textures/items/music_disc_creator_music_box"
		},
		"race_mp_precipice": {
			"textures": "textures/items/music_disc_precipice"
		},
		"race_mp_relic": {
			"textures": "textures/items/music_disc_relic"
		},
		"race_mp_5": {
			"textures": "textures/items/record_5"
		},
		"race_mp_11": {
			"textures": "textures/items/record_11"
		},
		"race_mp_13": {
			"textures": "textures/items/record_13"
		},
		"race_mp_blocks": {
			"textures": "textures/items/record_blocks"
		},
		"race_mp_cat": {
			"textures": "textures/items/record_cat"
		},
		"race_mp_chirp": {
			"textures": "textures/items/record_chirp"
		},
		"race_mp_far": {
			"textures": "textures/items/record_far"
		},
		"race_mp_mall": {
			"textures": "textures/items/record_mall"
		},
		"race_mp_mellohi": {
			"textures": "textures/items/record_mellohi"
		},
		"race_mp_otherside": {
			"textures": "textures/items/record_otherside"
		},
		"race_mp_pigstep": {
			"textures": "textures/items/record_pigstep"
		},
		"race_mp_stal": {
			"textures": "textures/items/record_stal"
		},
		"race_mp_strad": {
			"textures": "textures/items/record_strad"
		},
		"race_mp_wait": {
			"textures": "textures/items/record_wait"
		},
		"race_mp_ward": {
			"textures": "textures/items/record_ward"
		},
		"race_feline_charge": {
			"textures": "textures/items/feline_charge"
		},
		"race_feline_super_jump": {
			"textures": "textures/items/feline_jump"
		}
	}
}