{
	"format_version": "1.10.0",
	"particle_effect": {
		"description": {
			"identifier": "race:founder.particles",
			"basic_render_parameters": {
				"material": "particles_alpha",
				"texture": "textures/particles/founder_particle"
			}
		},
		"components": {
			"minecraft:emitter_rate_steady": {
				"spawn_rate": 60,
				"max_particles": 400
			},
			"minecraft:emitter_lifetime_looping": {
				"active_time": 1
			},
			"minecraft:emitter_shape_disc": {
				"offset": [
					0,
					0.5,
					0
				],
				"radius": 3,
				"surface_only": true,
				"direction": [
					0,
					1,
					0
				]
			},
			"minecraft:particle_lifetime_expression": {
				"max_lifetime": 5
			},
			"minecraft:particle_initial_spin": {
				"rotation": "math.random(-180,180)"
			},
			"minecraft:particle_initial_speed": "math.random(1,4)",
			"minecraft:particle_motion_dynamic": {},
			"minecraft:particle_appearance_billboard": {
				"size": [
					0.5,
					0.5
				],
				"facing_camera_mode": "rotate_xyz",
				"uv": {
					"texture_width": 16,
					"texture_height": 64,
					"flipbook": {
						"base_UV": [
							0,
							0
						],
						"size_UV": [
							16,
							16
						],
						"step_UV": [
							0,
							5
						],
						"frames_per_second": 10,
						"max_frame": 5,
						"loop": true
					}
				}
			},
			"minecraft:particle_motion_collision": {}
		}
	}
}