{
	"format_version": "1.10.0",
	"particle_effect": {
		"description": {
			"identifier": "race:founder_devouer",
			"basic_render_parameters": {
				"material": "particles_alpha",
				"texture": "textures/particles/founder_particle"
			}
		},
		"components": {
			"minecraft:emitter_rate_steady": {
				"spawn_rate": 10,
				"max_particles": 1000
			},
			"minecraft:emitter_lifetime_looping": {
				"active_time": 1
			},
			"minecraft:emitter_shape_sphere": {
				"radius": 6,
				"surface_only": true,
				"direction": "inwards"
			},
			"minecraft:particle_lifetime_expression": {
				"max_lifetime": 1
			},
			"minecraft:particle_initial_speed": 5,
			"minecraft:particle_motion_dynamic": {},
			"minecraft:particle_appearance_billboard": {
				"size": [
					0.5,
					0.5
				],
				"facing_camera_mode": "rotate_xyz",
				"uv": {
					"texture_width": 16,
					"texture_height": 64,
					"flipbook": {
						"base_UV": [
							0,
							0
						],
						"size_UV": [
							16,
							13
						],
						"step_UV": [
							0,
							16
						],
						"frames_per_second": 30,
						"max_frame": 4,
						"stretch_to_lifetime": true,
						"loop": true
					}
				}
			},
			"minecraft:particle_motion_collision": {}
		}
	}
}