{
	"format_version": "1.21.40",
	"particle_effect": {
		"description": {
			"identifier": "race:race_change_1",
			"basic_render_parameters": {
				"material": "particles_alpha",
				"texture": "textures/particles/race_change"
			}
		},
		"components": {
			"minecraft:emitter_local_space": {
				"position": true,
				"rotation": true,
				"velocity": true
			},
			"minecraft:emitter_rate_steady": {
				"spawn_rate": 200,
				"max_particles": 400
			},
			"minecraft:emitter_lifetime_expression": {
				"activation_expression": 1,
				"expiration_expression": 3
			},
			"minecraft:emitter_shape_box": {
				"offset": [
					0,
					2,
					0
				],
				"half_dimensions": [
					3,
					3,
					3
				],
				"direction": [
					0,
					1,
					0
				]
			},
			"minecraft:particle_lifetime_expression": {
				"max_lifetime": 6.6
			},
			"minecraft:particle_initial_spin": {
				"rotation": "math.random(-180,180)",
				"rotation_rate": 1
			},
			"minecraft:particle_initial_speed": 8,
			"minecraft:particle_motion_dynamic": {
				"rotation_acceleration": 1
			},
			"minecraft:particle_appearance_billboard": {
				"size": [
					1,
					1
				],
				"facing_camera_mode": "rotate_xyz",
				"uv": {
					"texture_width": 16,
					"texture_height": 128,
					"flipbook": {
						"base_UV": [
							"math.floor(v.particle_random_3*2)*8",
							"math.floor(v.particle_random_4*2)*8"
						],
						"size_UV": [
							8,
							8
						],
						"step_UV": [
							0,
							16
						],
						"frames_per_second": 12,
						"max_frame": 8,
						"stretch_to_lifetime": true,
						"loop": true
					}
				}
			}
		}
	}
}