{
	"format_version": "1.21.40",
	"particle_effect": {
		"description": {
			"identifier": "race:superjump2",
			"basic_render_parameters": {
				"material": "particles_alpha",
				"texture": "textures/particles/dust"
			}
		},
		"components": {
			"minecraft:emitter_local_space": {
				"position": true,
				"rotation": false
			},
			"minecraft:emitter_rate_instant": {
				"num_particles": 100
			},
			"minecraft:emitter_lifetime_once": {},
			"minecraft:emitter_shape_box": {
				"offset": [
					0,
					1,
					0
				],
				"half_dimensions": [
					0.5,
					5,
					0.5
				],
				"direction": [
					0,
					1,
					0
				]
			},
			"minecraft:particle_lifetime_expression": {
				"max_lifetime": 5.1
			},
			"minecraft:particle_initial_spin": {
				"rotation": "math.random(-180,180)"
			},
			"minecraft:particle_initial_speed": "math.random(1,4)",
			"minecraft:particle_motion_dynamic": {
				"linear_acceleration": [
					0,
					10,
					0
				],
				"linear_drag_coefficient": 4
			},
			"minecraft:particle_appearance_billboard": {
				"size": [
					0.2,
					0.2
				],
				"facing_camera_mode": "rotate_xyz",
				"uv": {
					"texture_width": 8,
					"texture_height": 64,
					"flipbook": {
						"base_UV": [
							0,
							0
						],
						"size_UV": [
							8,
							8
						],
						"step_UV": [
							0,
							8
						],
						"frames_per_second": 12,
						"max_frame": 8,
						"stretch_to_lifetime": true
					}
				}
			},
			"minecraft:particle_motion_collision": {
				"collision_drag": 0.4,
				"collision_radius": 0.2
			}
		}
	}
}