{
	"format_version": "1.21.40",
	"particle_effect": {
		"description": {
			"identifier": "race:time_master_chargeup",
			"basic_render_parameters": {
				"material": "particles_alpha",
				"texture": "textures/particles/charge_up"
			}
		},
		"components": {
			"minecraft:emitter_rate_steady": {
				"spawn_rate": 100,
				"max_particles": 100
			},
			"minecraft:emitter_lifetime_looping": {
				"active_time": 1
			},
			"minecraft:emitter_shape_disc": {
				"radius": 3,
				"surface_only": true,
				"direction": [
					0,
					1,
					0
				]
			},
			"minecraft:particle_lifetime_expression": {
				"max_lifetime": 10
			},
			"minecraft:particle_initial_spin": {
				"rotation": 1
			},
			"minecraft:particle_initial_speed": 9,
			"minecraft:particle_motion_dynamic": {
				"rotation_acceleration": 1
			},
			"minecraft:particle_appearance_billboard": {
				"size": [
					0.2,
					0.2
				],
				"facing_camera_mode": "rotate_xyz",
				"uv": {
					"texture_width": 16,
					"texture_height": 16,
					"uv": [
						0,
						0
					],
					"uv_size": [
						16,
						16
					]
				}
			}
		}
	}
}