{
	"format_version": "1.10.0",
	"particle_effect": {
		"description": {
			"identifier": "race:tp1",
			"basic_render_parameters": {
				"material": "particles_alpha",
				"texture": "textures/particles/tp1"
			}
		},
		"components": {
			"minecraft:emitter_rate_steady": {
				"spawn_rate": 60,
				"max_particles": 400
			},
			"minecraft:emitter_lifetime_once": {
				"active_time": 1
			},
			"minecraft:emitter_shape_disc": {
				"offset": [
					0,
					0.5,
					0
				],
				"radius": 3,
				"surface_only": true,
				"direction": [
					0,
					1,
					0
				]
			},
			"minecraft:particle_lifetime_expression": {
				"max_lifetime": 5.9
			},
			"minecraft:particle_initial_spin": {
				"rotation": "math.random(-180,180)"
			},
			"minecraft:particle_initial_speed": "math.random(1,4)",
			"minecraft:particle_motion_dynamic": {
				"linear_drag_coefficient": 0.1
			},
			"minecraft:particle_appearance_billboard": {
				"size": [
					0.25,
					0.25
				],
				"facing_camera_mode": "rotate_xyz",
				"uv": {
					"texture_width": 16,
					"texture_height": 128,
					"flipbook": {
						"base_UV": [
							"math.floor(v.particle_random_3*2)*8",
							"math.floor(v.particle_random_4*2)*8"
						],
						"size_UV": [
							8,
							8
						],
						"step_UV": [
							0,
							16
						],
						"frames_per_second": 12,
						"max_frame": 8,
						"stretch_to_lifetime": true
					}
				}
			},
			"minecraft:particle_motion_collision": {
				"collision_drag": 1,
				"coefficient_of_restitution": 0.3,
				"collision_radius": 0.2
			}
		}
	}
}