{
	"format_version": "1.10.0",
	"particle_effect": {
		"description": {
			"identifier": "race:warhammer_use_particles",
			"basic_render_parameters": {
				"material": "particles_alpha",
				"texture": "textures/particles/warhammer_use"
			}
		},
		"components": {
			"minecraft:emitter_local_space": {
				"position": true,
				"rotation": false,
				"velocity": true
			},
			"minecraft:emitter_rate_instant": {
				"num_particles": 1000
			},
			"minecraft:emitter_lifetime_once": {
				"active_time": 1
			},
			"minecraft:emitter_shape_disc": {
				"offset": [
					0,
					0.5,
					0
				],
				"radius": 20,
				"direction": [
					0,
					3,
					0
				]
			},
			"minecraft:particle_lifetime_expression": {
				"max_lifetime": 10
			},
			"minecraft:particle_initial_speed": "math.random(3,10)",
			"minecraft:particle_motion_dynamic": {
				"linear_acceleration": [
					0,
					-10,
					0
				],
				"linear_drag_coefficient": 0.1
			},
			"minecraft:particle_appearance_billboard": {
				"size": [
					0.2,
					0.2
				],
				"facing_camera_mode": "rotate_y"
			},
			"minecraft:particle_motion_collision": {
				"collision_drag": 1,
				"coefficient_of_restitution": 0.3,
				"collision_radius": 0.2
			},
			"minecraft:particle_appearance_tinting": {
				"color": [
					1,
					1,
					1,
					1
				]
			}
		}
	}
}