{
	"format_version": "1.8.0",
	"minecraft:recipe_shaped": {
		"description": {
			"identifier": "race:heavy_hammer"
		},
		"tags": [
			"crafting_table"
		],
		"pattern": [
			"CHC",
			"WSW",
			" S "
		],
		"key": {
			"C": {
				"item": "race:redstone_component"
			},
			"H": {
				"item": "race:heavy_hammer_head"
			},
			"W": {
				"item": "race:redstone_wires"
			},
			"S": {
				"item": "race:reinforced_iron_handle"
			}
		},
		"result": {
			"item": "race:heavy_hammer",
			"count": 1
		}
	}
}