{
	"format_version": "1.20.80",
	"minecraft:recipe_shaped": {
		"description": {
			"identifier": "race:redstone_leg_recipe"
		},
		"tags": [
			"crafting_table"
		],
		"pattern": [
			"NIN",
			"R R",
			"I I"
		],
		"key": {
			"I": {
				"item": "minecraft:iron_ingot"
			},
			"N": {
				"item": "minecraft:netherite_ingot"
			},
			"R": {
				"item": "race:redstone_component"
			}
		},
		"result": {
			"item": "race:redstone_component_leggings"
		},
		"unlock": {
			"context": "AlwaysUnlocked"
		}
	}
}