{
	"format_version": [
		1,
		1,
		0
	],
	"race:human_block": {
		"sound": "stone",
		"textures": "race_human_block"
	},
	"race:elven_block": {
		"sound": "stone",
		"textures": "race_elven_block"
	},
	"race:dwarf_block": {
		"sound": "stone",
		"textures": "race_dwarf_block"
	},
	"race:avian_block": {
		"sound": "stone",
		"textures": "race_avian_block"
	},
	"race:cancel_block": {
		"sound": "stone",
		"textures": "race_cancel_block"
	},
	"race:mp_creator_mb": {
		"sound": "stone",
		"textures": "race_mp_creator_mb"
	}
}