{
	"entity_sounds": {
		"entities": {
			"race:human_miner": {
				"volume": 1,
				"pitch": [
					0.8,
					0.8
				],
				"events": {
					"ambient": "mob.human_miner.idle",
					"hurt": "mob.human_miner.hit",
					"death": "mob.human_miner.death",
					"death.to.zombie": "mob.human_miner.death",
					"haggle": "mob.human_miner.haggle",
					"haggle.yes": "mob.human_miner.yes",
					"haggle.no": "mob.human_miner.no"
				}
			},
			"race:potion_trader": {
				"volume": 1,
				"pitch": [
					1,
					1
				],
				"events": {
					"ambient": "mob.human_miner.idle",
					"hurt": "mob.human_miner.hit",
					"death": "mob.human_miner.death",
					"death.to.zombie": "mob.human_miner.death",
					"haggle": "mob.human_miner.haggle",
					"haggle.yes": "mob.human_miner.yes",
					"haggle.no": "mob.human_miner.no"
				}
			},
			"race:rare_item_trader": {
				"volume": 1,
				"pitch": [
					1,
					1
				],
				"events": {
					"ambient": "mob.rare_trade.idle",
					"hurt": "mob.rare_trade.hit",
					"death": "mob.rare_trade.death",
					"death.to.zombie": "mob.rare_trade.death",
					"haggle": "mob.rare_trade.haggle",
					"haggle.yes": "mob.rare_trade.yes",
					"haggle.no": "mob.rare_trade.no"
				}
			},
			"race:spirit": {
				"pitch": [
					1,
					1.1
				],
				"events": {
					"ambient": "mob.spirit.sign",
					"death": {
						"sound": "mob.spirit.death",
						"volume": 0.5,
						"pitch": [
							1,
							2
						]
					}
				},
				"volume": 1
			}
		}
	}
}