{
	"format_version": "1.21.0",
	"minecraft:entity": {
		"description": {
			"identifier": "race:spirit",
			"spawn_category": "creature",
			"is_spawnable": true,
			"is_summonable": true
		},
		"component_groups": {},
		"components": {
			"minecraft:is_hidden_when_invisible": {},
			"minecraft:type_family": {
				"family": [
					"race:spirit",
					"mob"
				]
			},
			"minecraft:collision_box": {
				"width": 0.35,
				"height": 0.6
			},
			"minecraft:balloonable": {
				"mass": 0.5
			},
			"minecraft:breathable": {
				"totalSupply": 15,
				"suffocateTime": 0
			},
			"minecraft:nameable": {},
			"minecraft:health": {
				"value": 10
			},
			"minecraft:hurt_on_condition": {
				"damage_conditions": [
					{
						"filters": {
							"test": "in_lava",
							"subject": "self",
							"operator": "==",
							"value": true
						},
						"cause": "lava",
						"damage_per_tick": 4
					}
				]
			},
			"minecraft:movement": {
				"value": 0.1
			},
			"minecraft:flying_speed": {
				"value": 0.1
			},
			"minecraft:navigation.hover": {
				"can_path_over_water": true,
				"can_sink": false,
				"can_pass_doors": false,
				"can_path_from_air": true,
				"avoid_water": true,
				"avoid_damage_blocks": true,
				"avoid_sun": true
			},
			"minecraft:movement.hover": {},
			"minecraft:ambient_sound_interval": {
				"value": 5,
				"range": 5,
				"event_name": "ambient",
				"event_names": [
					{
						"event_name": "ambient.tame",
						"condition": "query.is_using_item"
					},
					{
						"event_name": "ambient",
						"condition": "!query.is_using_item"
					}
				]
			},
			"minecraft:jump.static": {},
			"minecraft:can_fly": {},
			"minecraft:physics": {
				"has_gravity": false
			},
			"minecraft:pushable": {
				"is_pushable": true,
				"is_pushable_by_piston": true
			},
			"minecraft:conditional_bandwidth_optimization": {},
			"minecraft:game_event_movement_tracking": {
				"emit_flap": true
			},
			"minecraft:behavior.panic": {
				"priority": 1,
				"speed_multiplier": 2
			},
			"minecraft:behavior.float": {
				"priority": 7
			},
			"minecraft:behavior.look_at_player": {
				"priority": 8,
				"target_distance": 6,
				"probability": 0.02
			},
			"minecraft:behavior.random_look_around": {
				"priority": 8
			},
			"minecraft:behavior.random_hover": {
				"priority": 9,
				"xz_dist": 8,
				"y_dist": 8,
				"y_offset": -1,
				"interval": 1,
				"hover_height": [
					1,
					4
				]
			},
			"minecraft:behavior.avoid_mob_type": {
				"entity_types": "agent",
				"max_flee": 10,
				"max_dist": 3,
				"priority": 9
			},
			"minecraft:loot": {
				"table": "loot_tables/spirit_heart.json"
			},
			"minecraft:burns_in_daylight": {},
			"minecraft:experience_reward": {
				"on_death": 5
			}
		},
		"events": {}
	}
}